site_id,litter_type,litter_name,amount_kg,is_sentinel,snapshot
fb30e3728a67d398,Litter001,工程渣土,5580396.0,False,2026-09-02
4221645604cc7225,Litter003,工程泥浆,2273000.0,False,2026-09-02
b74e51ec361d70b8,Litter001,工程渣土,3796000.0,False,2026-09-02
b74e51ec361d70b8,Litter002,工程弃料,3963000.0,False,2026-09-02
829a1bc288040105,Litter001,工程渣土,2064600.0,False,2026-09-02
829a1bc288040105,Litter003,工程泥浆,799500.0,False,2026-09-02
98ee6798bae42db9,Litter003,工程泥浆,6052000.0,False,2026-09-02
8802a09408af06e1,Litter001,工程渣土,3215358.0,False,2026-09-02
f4eb2f5c81f2f259,Litter001,工程渣土,52200000.0,False,2026-09-02
78ed2a0256a68c40,Litter001,工程渣土,5400000.0,False,2026-09-02
f2504f4d5fe069b1,Litter001,工程渣土,36000000.0,False,2026-09-02
29b6d6942dabff63,Litter001,工程渣土,11340000.0,False,2026-09-02
7c67be7564a4a624,Litter001,工程渣土,720000000.0,False,2026-09-02
e70bfbee07d32613,Litter001,工程渣土,4914000.0,False,2026-09-02
a3438ac20f640822,Litter003,工程泥浆,808200.0,False,2026-09-02
03702ae40b1332aa,Litter003,工程泥浆,3209000.0,False,2026-09-02
4f9acde97b3c7b82,Litter003,工程泥浆,3804000.0,False,2026-09-02
b00e0b4b403db452,Litter001,工程渣土,53640000.0,False,2026-09-02
b00e0b4b403db452,Litter003,工程泥浆,38610000.0,False,2026-09-02
b00e0b4b403db452,Litter005,拆除弃料,1620000.0,False,2026-09-02
ef45e880dc6bcfbf,Litter001,工程渣土,7200000.0,False,2026-09-02
7f3a547eb3fdbfbf,Litter001,工程渣土,5760000.0,False,2026-09-02
4680228a979ea9a1,Litter001,工程渣土,38880000.0,False,2026-09-02
4680228a979ea9a1,Litter003,工程泥浆,2340000.0,False,2026-09-02
4680228a979ea9a1,Litter005,拆除弃料,360000.0,False,2026-09-02
215dfbf77c7dc6e5,Litter003,工程泥浆,35800000.0,False,2026-09-02
5ebaf1d1ce541a93,Litter003,工程泥浆,5658000.0,False,2026-09-02
d81fd794d15c684d,Litter001,工程渣土,8755700.0,False,2026-09-02
d81fd794d15c684d,Litter003,工程泥浆,1711000.0,False,2026-09-02
d81fd794d15c684d,Litter005,拆除弃料,3270000.0,False,2026-09-02
6a7c19116938dddd,Litter001,工程渣土,64687577.6,False,2026-09-02
b8cf424cacefb973,Litter003,工程泥浆,2990000.0,False,2026-09-02
edc8a1aaf89ce6fc,Litter001,工程渣土,7785000.0,False,2026-09-02
3a550c945a7cdebe,Litter001,工程渣土,23940000.0,False,2026-09-02
24f2aeb84c2c549b,Litter001,工程渣土,42120000.0,False,2026-09-02
24f2aeb84c2c549b,Litter005,拆除弃料,1980000.0,False,2026-09-02
3110ca03965391bd,Litter003,工程泥浆,5114200.0,False,2026-09-02
feb2f77351e50261,Litter001,工程渣土,25020000.0,False,2026-09-02
feb2f77351e50261,Litter003,工程泥浆,10790000.0,False,2026-09-02
feb2f77351e50261,Litter005,拆除弃料,9720000.0,False,2026-09-02
c04dfacc3b6294e2,Litter001,工程渣土,3600000.0,False,2026-09-02
64ad1e58fc0135e3,Litter001,工程渣土,2069000.0,False,2026-09-02
64ad1e58fc0135e3,Litter005,拆除弃料,663000.0,False,2026-09-02
fed4de20019f65d5,Litter001,工程渣土,23220000.0,False,2026-09-02
af45c1aa4d5a1e14,Litter001,工程渣土,30960000.0,False,2026-09-02
af45c1aa4d5a1e14,Litter005,拆除弃料,6480000.0,False,2026-09-02
46cccb1e41cba592,Litter001,工程渣土,11465000.0,False,2026-09-02
46cccb1e41cba592,Litter003,工程泥浆,6315972.0,False,2026-09-02
46cccb1e41cba592,Litter005,拆除弃料,5200000.0,False,2026-09-02
7ce0673c1ead2f3b,Litter001,工程渣土,2356200.0,False,2026-09-02
7ce0673c1ead2f3b,Litter005,拆除弃料,347400.0,False,2026-09-02
b7430c99edc3a422,Litter001,工程渣土,24300000.0,False,2026-09-02
b7430c99edc3a422,Litter005,拆除弃料,6840000.0,False,2026-09-02
9d48ce12b9a4fd98,Litter002,工程弃料,15100000.0,False,2026-09-02
c6df238a3abd5c58,Litter001,工程渣土,144540000.0,False,2026-09-02
c6df238a3abd5c58,Litter003,工程泥浆,2340000.0,False,2026-09-02
c6df238a3abd5c58,Litter005,拆除弃料,540000.0,False,2026-09-02
2c34bc0542f570c3,Litter001,工程渣土,27424000.0,False,2026-09-02
2c34bc0542f570c3,Litter005,拆除弃料,16005000.0,False,2026-09-02
a9abd167b3be6b62,Litter005,拆除弃料,50400000.0,False,2026-09-02
c145f370957b10e4,Litter001,工程渣土,157140000.0,False,2026-09-02
c145f370957b10e4,Litter005,拆除弃料,99990000000.0,True,2026-09-02
e06211127b6db4e9,Litter001,工程渣土,27900000.0,False,2026-09-02
177153259ca7b886,Litter005,拆除弃料,14400000.0,False,2026-09-02
2f25790af6196f1c,Litter001,工程渣土,6480000.0,False,2026-09-02
2f25790af6196f1c,Litter003,工程泥浆,8060000.0,False,2026-09-02
f5df475cac63de29,Litter001,工程渣土,101340000.0,False,2026-09-02
f5df475cac63de29,Litter003,工程泥浆,7800000.0,False,2026-09-02
f5df475cac63de29,Litter005,拆除弃料,6300000.0,False,2026-09-02
bb3b0a31ed9f71df,Litter001,工程渣土,11000000.0,False,2026-09-02
e395275812125085,Litter001,工程渣土,6300000.0,False,2026-09-02
6ced32b47d25a843,Litter001,工程渣土,9144000.0,False,2026-09-02
858ed0bceb302e19,Litter001,工程渣土,146700000.0,False,2026-09-02
858ed0bceb302e19,Litter005,拆除弃料,2880000.0,False,2026-09-02
4c3f812a6f7871ff,Litter001,工程渣土,237060000.0,False,2026-09-02
4c3f812a6f7871ff,Litter005,拆除弃料,6660000.0,False,2026-09-02
9623930335abd92c,Litter005,拆除弃料,2160000.0,False,2026-09-02
5091f39b8379fb01,Litter001,工程渣土,466200000.0,False,2026-09-02
5091f39b8379fb01,Litter003,工程泥浆,7280000.0,False,2026-09-02
5091f39b8379fb01,Litter005,拆除弃料,4860000.0,False,2026-09-02
6499186c63c18171,Litter002,工程弃料,1620000.0,False,2026-09-02
22271e7f25ac46f1,Litter003,工程泥浆,13910000.0,False,2026-09-02
17516af50efcf1a5,Litter001,工程渣土,14940000.0,False,2026-09-02
17516af50efcf1a5,Litter005,拆除弃料,5940000.0,False,2026-09-02
0483c51098b2aeb3,Litter001,工程渣土,5700000.0,False,2026-09-02
0483c51098b2aeb3,Litter003,工程泥浆,5495000.0,False,2026-09-02
55fdeec75fe9bf70,Litter001,工程渣土,7286000.0,False,2026-09-02
471e9e1db593136c,Litter001,工程渣土,4462000.0,False,2026-09-02
c0001ac31a3ff044,Litter001,工程渣土,41040000.0,False,2026-09-02
387e59b18a2d2226,Litter001,工程渣土,385776000.0,False,2026-09-02
1d0961c9f8f759d6,Litter001,工程渣土,22680000.0,False,2026-09-02
1d0961c9f8f759d6,Litter003,工程泥浆,11700000.0,False,2026-09-02
1d0961c9f8f759d6,Litter005,拆除弃料,1139400.0,False,2026-09-02
eb2253b800d20dde,Litter001,工程渣土,9789882.0,False,2026-09-02
5fcbbe06e0481321,Litter001,工程渣土,34020000.0,False,2026-09-02
5fcbbe06e0481321,Litter003,工程泥浆,9360000.0,False,2026-09-02
5fcbbe06e0481321,Litter005,拆除弃料,2880000.0,False,2026-09-02
6d958b8e9e521749,Litter001,工程渣土,207180000.0,False,2026-09-02
6d958b8e9e521749,Litter005,拆除弃料,3600000.0,False,2026-09-02
c04c4da743d93e94,Litter001,工程渣土,74293200.0,False,2026-09-02
c04c4da743d93e94,Litter003,工程泥浆,19500000.0,False,2026-09-02
bc43fb7153f1520b,Litter001,工程渣土,226707983.0,False,2026-09-02
889aea27b17274f5,Litter001,工程渣土,15840000.0,False,2026-09-02
889aea27b17274f5,Litter005,拆除弃料,6480000.0,False,2026-09-02
2828bf9cad59e54b,Litter001,工程渣土,14400000.0,False,2026-09-02
a19c9638a5d6213d,Litter001,工程渣土,79740000.0,False,2026-09-02
a19c9638a5d6213d,Litter003,工程泥浆,4550000.0,False,2026-09-02
fb420fdecbc899ca,Litter001,工程渣土,36270000.0,False,2026-09-02
a8b8217cb972e962,Litter001,工程渣土,34920000.0,False,2026-09-02
a8b8217cb972e962,Litter005,拆除弃料,5940000.0,False,2026-09-02
b216a9ce513e35c0,Litter001,工程渣土,926100000.0,False,2026-09-02
b216a9ce513e35c0,Litter003,工程泥浆,286130000.0,False,2026-09-02
b216a9ce513e35c0,Litter005,拆除弃料,8460000.0,False,2026-09-02
601f61c8a2f6b4fd,Litter001,工程渣土,334841400.0,False,2026-09-02
601f61c8a2f6b4fd,Litter005,拆除弃料,34560000.0,False,2026-09-02
5b0916d268e1a86c,Litter001,工程渣土,9831000.0,False,2026-09-02
eed09e2554f5becb,Litter001,工程渣土,72000000.0,False,2026-09-02
74fd3cd3b3751d33,Litter003,工程泥浆,2209000.0,False,2026-09-02
31142e03eaae5ec4,Litter001,工程渣土,1741000.0,False,2026-09-02
31142e03eaae5ec4,Litter003,工程泥浆,20514000.0,False,2026-09-02
477a19bd0ef463fd,Litter001,工程渣土,73080000.0,False,2026-09-02
477a19bd0ef463fd,Litter003,工程泥浆,140270000.0,False,2026-09-02
714a6923f0dd9c30,Litter001,工程渣土,22860000.0,False,2026-09-02
714a6923f0dd9c30,Litter005,拆除弃料,2700000.0,False,2026-09-02
9cc40259c38ec00d,Litter001,工程渣土,10148400.0,False,2026-09-02
9cc40259c38ec00d,Litter003,工程泥浆,1770600.0,False,2026-09-02
ab78cafdf0e0b602,Litter001,工程渣土,865818.0,False,2026-09-02
ab78cafdf0e0b602,Litter005,拆除弃料,86400.0,False,2026-09-02
bfa9c6b86cf0ba56,Litter001,工程渣土,5400000.0,False,2026-09-02
91f37ea4ac037ac8,Litter001,工程渣土,1800000.0,False,2026-09-02
91f37ea4ac037ac8,Litter003,工程泥浆,1800000.0,False,2026-09-02
91f37ea4ac037ac8,Litter005,拆除弃料,810000.0,False,2026-09-02
56dc22402405f77a,Litter001,工程渣土,5400000.0,False,2026-09-02
56dc22402405f77a,Litter002,工程弃料,3053000.0,False,2026-09-02
f18005992a38064f,Litter001,工程渣土,10080000.0,False,2026-09-02
f18005992a38064f,Litter002,工程弃料,4872000.0,False,2026-09-02
5095f7ddc285272a,Litter001,工程渣土,353520000.0,False,2026-09-02
a236949482a24d5f,Litter001,工程渣土,21240000.0,False,2026-09-02
a236949482a24d5f,Litter003,工程泥浆,5070000.0,False,2026-09-02
a183085653013727,Litter001,工程渣土,263520000.0,False,2026-09-02
a183085653013727,Litter003,工程泥浆,5330000.0,False,2026-09-02
a183085653013727,Litter005,拆除弃料,720000.0,False,2026-09-02
faa51c1610f9a4e5,Litter001,工程渣土,124200000.0,False,2026-09-02
e25af2cc4ab5c2eb,Litter001,工程渣土,64080000.0,False,2026-09-02
e25af2cc4ab5c2eb,Litter005,拆除弃料,21960000.0,False,2026-09-02
c946c4a34d85042b,Litter001,工程渣土,66060000.0,False,2026-09-02
763d550bc23c437c,Litter001,工程渣土,9958914.0,False,2026-09-02
763d550bc23c437c,Litter005,拆除弃料,1620000.0,False,2026-09-02
ce15ae483569938f,Litter001,工程渣土,665280000.0,False,2026-09-02
ce15ae483569938f,Litter003,工程泥浆,29510000.0,False,2026-09-02
ce15ae483569938f,Litter005,拆除弃料,7200000.0,False,2026-09-02
a8dbcd5242d6c884,Litter001,工程渣土,360000000.0,False,2026-09-02
a8dbcd5242d6c884,Litter003,工程泥浆,26000000.0,False,2026-09-02
d9e9f68b69f6307a,Litter001,工程渣土,1308600.0,False,2026-09-02
d9e9f68b69f6307a,Litter005,拆除弃料,514800.0,False,2026-09-02
76e0cecc3e2123a7,Litter001,工程渣土,13501971.0,False,2026-09-02
7141e9fce1dc2ea2,Litter001,工程渣土,236880000.0,False,2026-09-02
7141e9fce1dc2ea2,Litter003,工程泥浆,21060000.0,False,2026-09-02
25fb6bd034d6f93a,Litter001,工程渣土,33480000.0,False,2026-09-02
25fb6bd034d6f93a,Litter005,拆除弃料,24480000.0,False,2026-09-02
87ffe5045b0821b3,Litter001,工程渣土,443880000.0,False,2026-09-02
87ffe5045b0821b3,Litter003,工程泥浆,29770000.0,False,2026-09-02
32a70cf881a186d8,Litter001,工程渣土,628405000.0,False,2026-09-02
32a70cf881a186d8,Litter003,工程泥浆,413500.0,False,2026-09-02
32a70cf881a186d8,Litter005,拆除弃料,362500.0,False,2026-09-02
07810664a0528394,Litter001,工程渣土,157600000.0,False,2026-09-02
cd1f37983705349f,Litter001,工程渣土,3600000.0,False,2026-09-02
2dd81a6b9826128b,Litter001,工程渣土,19080000.0,False,2026-09-02
2dd81a6b9826128b,Litter005,拆除弃料,2700000.0,False,2026-09-02
02038a0941f7fd54,Litter005,拆除弃料,7200000.0,False,2026-09-02
f7feb42e6a8802cf,Litter001,工程渣土,5271000.0,False,2026-09-02
f7feb42e6a8802cf,Litter005,拆除弃料,1737000.0,False,2026-09-02
7dc6b9d76358553f,Litter001,工程渣土,2807000.0,False,2026-09-02
7dc6b9d76358553f,Litter005,拆除弃料,514000.0,False,2026-09-02
d06a295d0af5731e,Litter001,工程渣土,8640000.0,False,2026-09-02
d06a295d0af5731e,Litter003,工程泥浆,2600000.0,False,2026-09-02
d06a295d0af5731e,Litter005,拆除弃料,540000.0,False,2026-09-02
e1fd4e18ddee7d6d,Litter001,工程渣土,1800000.0,False,2026-09-02
a754414e7f182bfc,Litter001,工程渣土,156600000.0,False,2026-09-02
9412427140f6dab7,Litter001,工程渣土,43740000.0,False,2026-09-02
9412427140f6dab7,Litter003,工程泥浆,11310000.0,False,2026-09-02
9412427140f6dab7,Litter005,拆除弃料,900000.0,False,2026-09-02
160095fc8be2a85c,Litter001,工程渣土,6750000.0,False,2026-09-02
160095fc8be2a85c,Litter003,工程泥浆,4537000.0,False,2026-09-02
6717fcfbe63ef33f,Litter001,工程渣土,4307400.0,False,2026-09-02
431d16b168068618,Litter001,工程渣土,10080000.0,False,2026-09-02
6e9fbc82bd29be30,Litter001,工程渣土,3600000.0,False,2026-09-02
0cf5e5cde4e57b35,Litter001,工程渣土,326160000.0,False,2026-09-02
0cf5e5cde4e57b35,Litter003,工程泥浆,80210000.0,False,2026-09-02
0cf5e5cde4e57b35,Litter005,拆除弃料,3600000.0,False,2026-09-02
ca5e0a01ad46222a,Litter001,工程渣土,5400000.0,False,2026-09-02
ca5e0a01ad46222a,Litter002,工程弃料,3120000.0,False,2026-09-02
ecdc7e67ed9cfd6b,Litter001,工程渣土,5400000.0,False,2026-09-02
ecdc7e67ed9cfd6b,Litter002,工程弃料,5500000.0,False,2026-09-02
2b8ec7b6a59c433c,Litter001,工程渣土,77040000.0,False,2026-09-02
594c793a0da0c4c8,Litter001,工程渣土,64440000.0,False,2026-09-02
594c793a0da0c4c8,Litter003,工程泥浆,2210000.0,False,2026-09-02
97c074e2c37e120d,Litter005,拆除弃料,3464000.0,False,2026-09-02
ba3c884a8610a2b1,Litter001,工程渣土,1539000.0,False,2026-09-02
ba3c884a8610a2b1,Litter005,拆除弃料,2712000.0,False,2026-09-02
d7b5c87be78c39f7,Litter001,工程渣土,86940000.0,False,2026-09-02
d7b5c87be78c39f7,Litter003,工程泥浆,1690000.0,False,2026-09-02
d7b5c87be78c39f7,Litter005,拆除弃料,12780000.0,False,2026-09-02
9fd4871e12dc8f64,Litter001,工程渣土,92163480.0,False,2026-09-02
131ed7ef0e6b0f71,Litter001,工程渣土,36000000.0,False,2026-09-02
131ed7ef0e6b0f71,Litter005,拆除弃料,3402000.0,False,2026-09-02
eb13087216077011,Litter001,工程渣土,14209000.0,False,2026-09-02
690de1214f27e590,Litter001,工程渣土,20890000.0,False,2026-09-02
4d2ad4946ce70298,Litter001,工程渣土,4919400.0,False,2026-09-02
4d2ad4946ce70298,Litter003,工程泥浆,5371600.0,False,2026-09-02
4d2ad4946ce70298,Litter005,拆除弃料,1004400.0,False,2026-09-02
731657842dd636fa,Litter005,拆除弃料,12445200.0,False,2026-09-02
c7c78d56efb742e6,Litter001,工程渣土,31860000.0,False,2026-09-02
c7c78d56efb742e6,Litter003,工程泥浆,7800000.0,False,2026-09-02
c7c78d56efb742e6,Litter005,拆除弃料,3780000.0,False,2026-09-02
34708c612249f004,Litter001,工程渣土,37620000.0,False,2026-09-02
34708c612249f004,Litter003,工程泥浆,390000.0,False,2026-09-02
34708c612249f004,Litter005,拆除弃料,540000.0,False,2026-09-02
2f3a0e12ff57d147,Litter001,工程渣土,107689400.0,False,2026-09-02
668be997698a4307,Litter001,工程渣土,17820000.0,False,2026-09-02
668be997698a4307,Litter003,工程泥浆,4030000.0,False,2026-09-02
ecc3b0627e2e15ed,Litter001,工程渣土,71280000.0,False,2026-09-02
ecc3b0627e2e15ed,Litter005,拆除弃料,360000.0,False,2026-09-02
e6547a09779a485f,Litter001,工程渣土,9558796.0,False,2026-09-02
7961fcdb26ca1ed4,Litter001,工程渣土,2970000.0,False,2026-09-02
7961fcdb26ca1ed4,Litter002,工程弃料,4500000.0,False,2026-09-02
b049c434be80b99d,Litter001,工程渣土,15300000.0,False,2026-09-02
9ebea844ca280313,Litter001,工程渣土,32220000.0,False,2026-09-02
9ebea844ca280313,Litter003,工程泥浆,5330000.0,False,2026-09-02
9ebea844ca280313,Litter005,拆除弃料,3780000.0,False,2026-09-02
6908bdd67b833e21,Litter003,工程泥浆,3243708.0,False,2026-09-02
49f1d91ac9d7e194,Litter001,工程渣土,1800000.0,False,2026-09-02
49f1d91ac9d7e194,Litter003,工程泥浆,47190000.0,False,2026-09-02
4fbca657ecaf05b7,Litter001,工程渣土,73800000.0,False,2026-09-02
4534b70351ed6fd3,Litter001,工程渣土,630000.0,False,2026-09-02
4534b70351ed6fd3,Litter003,工程泥浆,4270500.0,False,2026-09-02
86893d1314234014,Litter001,工程渣土,68220000.0,False,2026-09-02
86893d1314234014,Litter005,拆除弃料,3240000.0,False,2026-09-02
f2f8f20c9120d63a,Litter003,工程泥浆,18460000.0,False,2026-09-02
9296d0c87f3b7349,Litter001,工程渣土,6827400.0,False,2026-09-02
9296d0c87f3b7349,Litter003,工程泥浆,6279000.0,False,2026-09-02
6a508895e939918e,Litter001,工程渣土,8632000.0,False,2026-09-02
6f503f4ec3d62c2d,Litter001,工程渣土,175880000.0,False,2026-09-02
6f503f4ec3d62c2d,Litter003,工程泥浆,31991000.0,False,2026-09-02
f6598e3ba2fc033b,Litter001,工程渣土,8411000.0,False,2026-09-02
f6598e3ba2fc033b,Litter005,拆除弃料,4348000.0,False,2026-09-02
f8701c059faeddc4,Litter001,工程渣土,260000000.0,False,2026-09-02
7a791a76f0c1b61c,Litter001,工程渣土,98640000.0,False,2026-09-02
7a791a76f0c1b61c,Litter002,工程弃料,9923580.0,False,2026-09-02
b8cda17a64693270,Litter001,工程渣土,65880000.0,False,2026-09-02
b8cda17a64693270,Litter005,拆除弃料,32220000.0,False,2026-09-02
9eb6b962bf3cded8,Litter001,工程渣土,217260000.0,False,2026-09-02
9eb6b962bf3cded8,Litter003,工程泥浆,28730000.0,False,2026-09-02
9eb6b962bf3cded8,Litter005,拆除弃料,1440000.0,False,2026-09-02
8546d0d86b2c50cf,Litter001,工程渣土,84600000.0,False,2026-09-02
44ecb68529750fdb,Litter001,工程渣土,1764000.0,False,2026-09-02
a4e0583e71d5bacd,Litter001,工程渣土,1755000.0,False,2026-09-02
8756311f31ae16ac,Litter001,工程渣土,31163000.0,False,2026-09-02
ea3598c07b50ea9f,Litter001,工程渣土,50400000.0,False,2026-09-02
e212a8005ccdd0fe,Litter001,工程渣土,640800000.0,False,2026-09-02
e212a8005ccdd0fe,Litter003,工程泥浆,38220000.0,False,2026-09-02
e212a8005ccdd0fe,Litter005,拆除弃料,11340000.0,False,2026-09-02
117b5b13b15b3660,Litter001,工程渣土,281014830.0,False,2026-09-02
117b5b13b15b3660,Litter003,工程泥浆,77754300.0,False,2026-09-02
d4420d6d8577628e,Litter001,工程渣土,911574.0,False,2026-09-02
d4420d6d8577628e,Litter003,工程泥浆,780000.0,False,2026-09-02
f75fcd4f9b33ff6c,Litter001,工程渣土,250133400.0,False,2026-09-02
97b87d35f601e4da,Litter001,工程渣土,13500000.0,False,2026-09-02
97b87d35f601e4da,Litter003,工程泥浆,7800000.0,False,2026-09-02
faa45c2f70f5202b,Litter001,工程渣土,154800000.0,False,2026-09-02
c32ce807786ddcaa,Litter003,工程泥浆,11180000.0,False,2026-09-02
692819499278115c,Litter001,工程渣土,19080000.0,False,2026-09-02
eb5b374de778a75d,Litter001,工程渣土,113940000.0,False,2026-09-02
eb5b374de778a75d,Litter003,工程泥浆,8580000.0,False,2026-09-02
c09bc4084fac99d1,Litter001,工程渣土,12420000.0,False,2026-09-02
c09bc4084fac99d1,Litter005,拆除弃料,2880000.0,False,2026-09-02
362aabd339c139e2,Litter001,工程渣土,28980000.0,False,2026-09-02
362aabd339c139e2,Litter003,工程泥浆,9230000.0,False,2026-09-02
a1993ee357f5378b,Litter001,工程渣土,27000000.0,False,2026-09-02
a1993ee357f5378b,Litter005,拆除弃料,3240000.0,False,2026-09-02
83f610511e1fccb9,Litter001,工程渣土,52945000.0,False,2026-09-02
b0b2ad31ed1cfb34,Litter001,工程渣土,228780000.0,False,2026-09-02
b0b2ad31ed1cfb34,Litter003,工程泥浆,6500000.0,False,2026-09-02
2dc6c7cbeab46724,Litter001,工程渣土,11920000.0,False,2026-09-02
2dc6c7cbeab46724,Litter002,工程弃料,1706000.0,False,2026-09-02
3089a4a1bb1f92bc,Litter001,工程渣土,74202000.0,False,2026-09-02
3089a4a1bb1f92bc,Litter003,工程泥浆,6325880.0,False,2026-09-02
02283c849ba9090e,Litter001,工程渣土,26280000.0,False,2026-09-02
d3319775d9767d11,Litter001,工程渣土,4293000.0,False,2026-09-02
6f3fddb45f710125,Litter001,工程渣土,216000000.0,False,2026-09-02
e8942f5ba3ed5764,Litter001,工程渣土,685300000.0,False,2026-09-02
e8942f5ba3ed5764,Litter003,工程泥浆,8420000.0,False,2026-09-02
f7949164b69452df,Litter001,工程渣土,116100000.0,False,2026-09-02
f7949164b69452df,Litter003,工程泥浆,29900000.0,False,2026-09-02
f7949164b69452df,Litter005,拆除弃料,4140000.0,False,2026-09-02
24f7b39718d4b697,Litter001,工程渣土,46260000.0,False,2026-09-02
24f7b39718d4b697,Litter003,工程泥浆,4680000.0,False,2026-09-02
a6e18532ebe65c1d,Litter001,工程渣土,29880000.0,False,2026-09-02
a6e18532ebe65c1d,Litter005,拆除弃料,7560000.0,False,2026-09-02
babf86eb75aceb06,Litter001,工程渣土,6052608.0,False,2026-09-02
babf86eb75aceb06,Litter003,工程泥浆,15860000.0,False,2026-09-02
54ec32bca0685bd8,Litter001,工程渣土,12722530.0,False,2026-09-02
54ec32bca0685bd8,Litter003,工程泥浆,2308610.0,False,2026-09-02
e34ba95689fba991,Litter001,工程渣土,36540000.0,False,2026-09-02
e34ba95689fba991,Litter003,工程泥浆,8320000.0,False,2026-09-02
e3139c5aca464723,Litter001,工程渣土,66240000.0,False,2026-09-02
a37e0a10591855bb,Litter001,工程渣土,7588000.0,False,2026-09-02
a37e0a10591855bb,Litter005,拆除弃料,8400000.0,False,2026-09-02
1a1226b1735002bc,Litter001,工程渣土,139810788.0,False,2026-09-02
1a1226b1735002bc,Litter002,工程弃料,18519318.0,False,2026-09-02
1a1226b1735002bc,Litter005,拆除弃料,2076174.0,False,2026-09-02
2ae55c4f550271bb,Litter001,工程渣土,28800000.0,False,2026-09-02
682562c0ce945be0,Litter001,工程渣土,23868000.0,False,2026-09-02
682562c0ce945be0,Litter003,工程泥浆,2370000.0,False,2026-09-02
fb193e0a479520fa,Litter001,工程渣土,20826000.0,False,2026-09-02
27ee1f9848020ca1,Litter001,工程渣土,49384000.0,False,2026-09-02
27ee1f9848020ca1,Litter005,拆除弃料,4935000.0,False,2026-09-02
a216e95f9535e17a,Litter003,工程泥浆,428610.0,False,2026-09-02
3ec7baba8d67ca4b,Litter001,工程渣土,5356100000.0,False,2026-09-02
4b24c02690de17ba,Litter001,工程渣土,12600000.0,False,2026-09-02
4b24c02690de17ba,Litter003,工程泥浆,3770000.0,False,2026-09-02
4b24c02690de17ba,Litter005,拆除弃料,180000.0,False,2026-09-02
5bc6d9e1c0cc34d8,Litter001,工程渣土,6840000.0,False,2026-09-02
2fc91905fd247178,Litter001,工程渣土,41760000.0,False,2026-09-02
2fc91905fd247178,Litter003,工程泥浆,21450000.0,False,2026-09-02
2a88614855eb03d7,Litter001,工程渣土,15840000.0,False,2026-09-02
2a88614855eb03d7,Litter005,拆除弃料,3240000.0,False,2026-09-02
759bc3071fd62b1c,Litter001,工程渣土,88804000.0,False,2026-09-02
4d01833d9207575f,Litter001,工程渣土,68760000.0,False,2026-09-02
3f3c41f3c5775743,Litter001,工程渣土,41580000.0,False,2026-09-02
df8e36ea698bc598,Litter001,工程渣土,119600000.0,False,2026-09-02
df8e36ea698bc598,Litter003,工程泥浆,17297000.0,False,2026-09-02
1e47fcd065ad091d,Litter001,工程渣土,24120000.0,False,2026-09-02
1e47fcd065ad091d,Litter003,工程泥浆,8970000.0,False,2026-09-02
1e47fcd065ad091d,Litter005,拆除弃料,10980000.0,False,2026-09-02
7774ea24522dda9c,Litter001,工程渣土,3060000.0,False,2026-09-02
7774ea24522dda9c,Litter005,拆除弃料,3600000.0,False,2026-09-02
a1457f704e3916c0,Litter001,工程渣土,1785600.0,False,2026-09-02
a1457f704e3916c0,Litter003,工程泥浆,2155000.0,False,2026-09-02
57e29907fafb76fe,Litter002,工程弃料,23133000.0,False,2026-09-02
d43950df5ca3976d,Litter001,工程渣土,8460000.0,False,2026-09-02
d43950df5ca3976d,Litter005,拆除弃料,3960000.0,False,2026-09-02
acaf1683d63da73c,Litter001,工程渣土,5580360.0,False,2026-09-02
c41541bcc90795d7,Litter001,工程渣土,23700000.0,False,2026-09-02
1d58669a8b5390b5,Litter001,工程渣土,14670000.0,False,2026-09-02
1d58669a8b5390b5,Litter005,拆除弃料,1980000.0,False,2026-09-02
9121379984cdc71b,Litter001,工程渣土,230578202.0,False,2026-09-02
9121379984cdc71b,Litter003,工程泥浆,67592420.0,False,2026-09-02
58489b63deaf46f6,Litter001,工程渣土,91008000.0,False,2026-09-02
dbb95f779bb1857f,Litter001,工程渣土,88590000.0,False,2026-09-02
c2a0d97c4490880c,Litter001,工程渣土,37440000.0,False,2026-09-02
c2a0d97c4490880c,Litter005,拆除弃料,720000.0,False,2026-09-02
e3d816e57db1f8b5,Litter001,工程渣土,10800000.0,False,2026-09-02
e3d816e57db1f8b5,Litter003,工程泥浆,2340000.0,False,2026-09-02
3121372293e92b08,Litter001,工程渣土,19800000.0,False,2026-09-02
3121372293e92b08,Litter003,工程泥浆,21487190.0,False,2026-09-02
68bfea4cf39213e3,Litter001,工程渣土,14220000.0,False,2026-09-02
68bfea4cf39213e3,Litter005,拆除弃料,180000.0,False,2026-09-02
54fde9f096dd7308,Litter001,工程渣土,27180000.0,False,2026-09-02
0dc928ff9616de8d,Litter001,工程渣土,16459236.0,False,2026-09-02
0dc928ff9616de8d,Litter005,拆除弃料,427872.0,False,2026-09-02
2b4a76ace5f689fe,Litter001,工程渣土,7200000.0,False,2026-09-02
3a67e175efe36aa3,Litter001,工程渣土,99540000.0,False,2026-09-02
3a67e175efe36aa3,Litter005,拆除弃料,1440000.0,False,2026-09-02
ffc4a2448bf9a211,Litter001,工程渣土,25714000.0,False,2026-09-02
4e9a8bccba98432e,Litter001,工程渣土,49835000.0,False,2026-09-02
fcb2dcd7d87c329c,Litter001,工程渣土,7957800.0,False,2026-09-02
52e63b62907e3da4,Litter001,工程渣土,98815000.0,False,2026-09-02
73ea08a3436e0c10,Litter001,工程渣土,94446340.0,False,2026-09-02
73ea08a3436e0c10,Litter003,工程泥浆,119110.0,False,2026-09-02
73ea08a3436e0c10,Litter005,拆除弃料,2402840.0,False,2026-09-02
9d6d247a4fcb2562,Litter001,工程渣土,2619000.0,False,2026-09-02
9d6d247a4fcb2562,Litter005,拆除弃料,3920400.0,False,2026-09-02
9a651d59cf78b6c0,Litter001,工程渣土,630000.0,False,2026-09-02
9a651d59cf78b6c0,Litter003,工程泥浆,520000.0,False,2026-09-02
3beae7586d12dc7f,Litter001,工程渣土,38340000.0,False,2026-09-02
8739229c37048c7a,Litter001,工程渣土,15120000.0,False,2026-09-02
36348b26cb5d32a2,Litter001,工程渣土,3102780.0,False,2026-09-02
36348b26cb5d32a2,Litter003,工程泥浆,657380.0,False,2026-09-02
bd363d9d84689702,Litter001,工程渣土,52740000.0,False,2026-09-02
d49650c803f9c1fa,Litter001,工程渣土,360768402.0,False,2026-09-02
d49650c803f9c1fa,Litter003,工程泥浆,198892707.0,False,2026-09-02
d49650c803f9c1fa,Litter005,拆除弃料,57247794.0,False,2026-09-02
7ac4fb4db5ac391b,Litter001,工程渣土,14900000.0,False,2026-09-02
7ac4fb4db5ac391b,Litter003,工程泥浆,2470000.0,False,2026-09-02
0ef5bc7364d583b0,Litter001,工程渣土,19080000.0,False,2026-09-02
3d02372d6fae4218,Litter001,工程渣土,4555800.0,False,2026-09-02
2d8e535ef8ba4463,Litter001,工程渣土,19440000.0,False,2026-09-02
2d8e535ef8ba4463,Litter003,工程泥浆,2730000.0,False,2026-09-02
f9ab8c38018f535f,Litter003,工程泥浆,5292000.0,False,2026-09-02
fb26e0d9b0a6d35c,Litter001,工程渣土,17460000.0,False,2026-09-02
fb26e0d9b0a6d35c,Litter005,拆除弃料,9360000.0,False,2026-09-02
daea74a06abdd155,Litter001,工程渣土,90000000.0,False,2026-09-02
a8e34a1ac8bd1e03,Litter001,工程渣土,27000000.0,False,2026-09-02
8a134ce04885d1c3,Litter001,工程渣土,4804200.0,False,2026-09-02
efe22430c8333188,Litter001,工程渣土,11880000.0,False,2026-09-02
efe22430c8333188,Litter003,工程泥浆,2210000.0,False,2026-09-02
d85273732f4034b7,Litter001,工程渣土,56900934.0,False,2026-09-02
80454bb97be3358b,Litter001,工程渣土,26820000.0,False,2026-09-02
80454bb97be3358b,Litter005,拆除弃料,2520000.0,False,2026-09-02
9cf4cf889e3395c8,Litter005,拆除弃料,4140000.0,False,2026-09-02
ece5e9bb59131107,Litter001,工程渣土,57870000.0,False,2026-09-02
d7388c721f115263,Litter001,工程渣土,568800000.0,False,2026-09-02
d7388c721f115263,Litter003,工程泥浆,39000000.0,False,2026-09-02
d7388c721f115263,Litter005,拆除弃料,8000000.0,False,2026-09-02
253bc133765a564e,Litter001,工程渣土,511000000.0,False,2026-09-02
253bc133765a564e,Litter003,工程泥浆,1560000.0,False,2026-09-02
b4139988bde2eeef,Litter001,工程渣土,105480000.0,False,2026-09-02
7f0fcbb6fb97dc96,Litter003,工程泥浆,1183000.0,False,2026-09-02
6bace62940ea550a,Litter001,工程渣土,30013272.0,False,2026-09-02
6bace62940ea550a,Litter003,工程泥浆,124904.0,False,2026-09-02
64ca67200e2fec3b,Litter001,工程渣土,4500000.0,False,2026-09-02
8c72c83008feab0f,Litter003,工程泥浆,5089000.0,False,2026-09-02
89a411744c9d073c,Litter003,工程泥浆,1074100.0,False,2026-09-02
a6b9c29612121d33,Litter001,工程渣土,117733000.0,False,2026-09-02
dfb4546967c621d4,Litter001,工程渣土,56880000.0,False,2026-09-02
dfb4546967c621d4,Litter003,工程泥浆,51220000.0,False,2026-09-02
dfb4546967c621d4,Litter005,拆除弃料,3060000.0,False,2026-09-02
1aef2611a1f6c515,Litter001,工程渣土,43380000.0,False,2026-09-02
1aef2611a1f6c515,Litter002,工程弃料,3420000.0,False,2026-09-02
cd8efe2a36f2b755,Litter001,工程渣土,2678220.0,False,2026-09-02
529bfb66f15f0962,Litter001,工程渣土,30533503.0,False,2026-09-02
c096c1dffeff7dca,Litter001,工程渣土,96840000.0,False,2026-09-02
c096c1dffeff7dca,Litter005,拆除弃料,1080000.0,False,2026-09-02
758b85a76409494e,Litter001,工程渣土,22460000.0,False,2026-09-02
758b85a76409494e,Litter003,工程泥浆,28663510.0,False,2026-09-02
b0ce614c08aa419f,Litter001,工程渣土,4271724.0,False,2026-09-02
b0ce614c08aa419f,Litter002,工程弃料,4673916.0,False,2026-09-02
ae4919c6efe30fa4,Litter001,工程渣土,8460000.0,False,2026-09-02
c697154dc066847f,Litter001,工程渣土,34560000.0,False,2026-09-02
50ee1781147b71a8,Litter001,工程渣土,18000000.0,False,2026-09-02
9c6dd57138796677,Litter001,工程渣土,19699000.0,False,2026-09-02
9c6dd57138796677,Litter003,工程泥浆,630000.0,False,2026-09-02
9c6dd57138796677,Litter005,拆除弃料,3267000.0,False,2026-09-02
f94a978d79b236b8,Litter001,工程渣土,52740000.0,False,2026-09-02
f94a978d79b236b8,Litter003,工程泥浆,31330000.0,False,2026-09-02
f94a978d79b236b8,Litter005,拆除弃料,10620000.0,False,2026-09-02
5817d094070d3a0a,Litter001,工程渣土,36720000.0,False,2026-09-02
cb084add18b8ebeb,Litter001,工程渣土,123480000.0,False,2026-09-02
12871660373d6231,Litter001,工程渣土,128814000.0,False,2026-09-02
fad013a44fbf4563,Litter001,工程渣土,47103876.0,False,2026-09-02
55a68acc74c3c852,Litter001,工程渣土,22320000.0,False,2026-09-02
55a68acc74c3c852,Litter003,工程泥浆,37960000.0,False,2026-09-02
55a68acc74c3c852,Litter005,拆除弃料,3420000.0,False,2026-09-02
1b7e7ee2fa833d8d,Litter001,工程渣土,24660000.0,False,2026-09-02
1b7e7ee2fa833d8d,Litter005,拆除弃料,360000.0,False,2026-09-02
cafa5f23fb8d1d69,Litter001,工程渣土,1942000.0,False,2026-09-02
cafa5f23fb8d1d69,Litter003,工程泥浆,2049000.0,False,2026-09-02
b83ae0449f98e743,Litter001,工程渣土,114480000.0,False,2026-09-02
b83ae0449f98e743,Litter003,工程泥浆,10660000.0,False,2026-09-02
b83ae0449f98e743,Litter005,拆除弃料,7200000.0,False,2026-09-02
376e31486d1d5db0,Litter001,工程渣土,520759298.12,False,2026-09-02
e15a483c539c26fa,Litter001,工程渣土,3483000.0,False,2026-09-02
e15a483c539c26fa,Litter003,工程泥浆,5604300.0,False,2026-09-02
7608ec9b3bdb465d,Litter001,工程渣土,369180000.0,False,2026-09-02
7608ec9b3bdb465d,Litter003,工程泥浆,51090000.0,False,2026-09-02
68fa0a9b63ce1dd5,Litter001,工程渣土,2700000.0,False,2026-09-02
c059d53563f6cc4b,Litter001,工程渣土,624740400.0,False,2026-09-02
f7fd74e7c4099aa6,Litter001,工程渣土,19056600.0,False,2026-09-02
f7fd74e7c4099aa6,Litter002,工程弃料,9397000.0,False,2026-09-02
0b46a817806f3555,Litter001,工程渣土,96609096.0,False,2026-09-02
b004590d643e7f16,Litter001,工程渣土,117896000.0,False,2026-09-02
3e07b3deb1af4aca,Litter001,工程渣土,88740000.0,False,2026-09-02
c917ec817e26813a,Litter001,工程渣土,248400000.0,False,2026-09-02
01c28e2e2c44ab7e,Litter001,工程渣土,363600000.0,False,2026-09-02
01c28e2e2c44ab7e,Litter005,拆除弃料,18000000.0,False,2026-09-02
d40593d56e9cf2b9,Litter001,工程渣土,248040000.0,False,2026-09-02
d40593d56e9cf2b9,Litter003,工程泥浆,390000.0,False,2026-09-02
d40593d56e9cf2b9,Litter005,拆除弃料,1980000.0,False,2026-09-02
15f0a7777606b41b,Litter001,工程渣土,399960000.0,False,2026-09-02
15f0a7777606b41b,Litter005,拆除弃料,3680000.0,False,2026-09-02
5889139e247f99d8,Litter001,工程渣土,8690400.0,False,2026-09-02
5889139e247f99d8,Litter003,工程泥浆,4290000.0,False,2026-09-02
2ff8b7772c87d067,Litter001,工程渣土,396900000.0,False,2026-09-02
2ff8b7772c87d067,Litter003,工程泥浆,29510000.0,False,2026-09-02
577dd6cd796f16b9,Litter001,工程渣土,71640000.0,False,2026-09-02
a1e9a7162fc06b22,Litter001,工程渣土,273240000.0,False,2026-09-02
a1e9a7162fc06b22,Litter003,工程泥浆,3245190.0,False,2026-09-02
a1e9a7162fc06b22,Litter005,拆除弃料,14040000.0,False,2026-09-02
d76a987f527d58a7,Litter001,工程渣土,37800000.0,False,2026-09-02
ccfa5d84b8387c50,Litter001,工程渣土,37300000.0,False,2026-09-02
ccfa5d84b8387c50,Litter003,工程泥浆,3658000.0,False,2026-09-02
938429efa1cd4666,Litter001,工程渣土,18000000.0,False,2026-09-02
938429efa1cd4666,Litter003,工程泥浆,15600000.0,False,2026-09-02
4a53d1c165015ea9,Litter001,工程渣土,50400000.0,False,2026-09-02
91dbfd291603dccf,Litter005,拆除弃料,14400000.0,False,2026-09-02
7a411df5fa898f6c,Litter001,工程渣土,136400000.0,False,2026-09-02
7a411df5fa898f6c,Litter003,工程泥浆,43990000.0,False,2026-09-02
24e04c51aed5a991,Litter001,工程渣土,275968800.0,False,2026-09-02
24e04c51aed5a991,Litter005,拆除弃料,10980000.0,False,2026-09-02
d3c94915d6d1b119,Litter001,工程渣土,283000000.0,False,2026-09-02
1d15720da5a56088,Litter001,工程渣土,35469750.0,False,2026-09-02
1d15720da5a56088,Litter003,工程泥浆,1820000.0,False,2026-09-02
1d15720da5a56088,Litter005,拆除弃料,5524000.0,False,2026-09-02
64b8417d8d003b47,Litter001,工程渣土,103140000.0,False,2026-09-02
f66353c595dc0fb3,Litter001,工程渣土,278136000.0,False,2026-09-02
f66353c595dc0fb3,Litter005,拆除弃料,93384000.0,False,2026-09-02
8e4994b4c26e0f27,Litter001,工程渣土,13140000.0,False,2026-09-02
8e4994b4c26e0f27,Litter005,拆除弃料,9360000.0,False,2026-09-02
26e87cef38d85396,Litter001,工程渣土,7200000.0,False,2026-09-02
63810ecec104e01b,Litter001,工程渣土,20333000.0,False,2026-09-02
4ae0ee129e8bf7f3,Litter001,工程渣土,54000000.0,False,2026-09-02
e431aadbf8fd8fbc,Litter001,工程渣土,88510000.0,False,2026-09-02
e431aadbf8fd8fbc,Litter002,工程弃料,34950000.0,False,2026-09-02
397fcedc26778dff,Litter001,工程渣土,27900000.0,False,2026-09-02
397fcedc26778dff,Litter003,工程泥浆,33930000.0,False,2026-09-02
7ee3976d9cf1624b,Litter001,工程渣土,309600000.0,False,2026-09-02
4e8ac1f8211948c4,Litter001,工程渣土,9000000.0,False,2026-09-02
2ffef96d55e83347,Litter001,工程渣土,9000000.0,False,2026-09-02
b25e437d4cbe3c11,Litter001,工程渣土,3686000.0,False,2026-09-02
b25e437d4cbe3c11,Litter003,工程泥浆,7779000.0,False,2026-09-02
f03b78349fab2c05,Litter005,拆除弃料,14400000.0,False,2026-09-02
71e6ce5f1c5e6bf0,Litter001,工程渣土,5760000.0,False,2026-09-02
71e6ce5f1c5e6bf0,Litter003,工程泥浆,7410000.0,False,2026-09-02
2381aaa98f5b8326,Litter001,工程渣土,229621000.0,False,2026-09-02
2381aaa98f5b8326,Litter003,工程泥浆,179236629.0,False,2026-09-02
416107628e9a17a0,Litter001,工程渣土,380880000.0,False,2026-09-02
e4799b186fe1bb8e,Litter001,工程渣土,313920000.0,False,2026-09-02
883fcb593fc5090a,Litter001,工程渣土,1253000.0,False,2026-09-02
27a2aaff3b30d0f6,Litter001,工程渣土,50400000.0,False,2026-09-02
27a2aaff3b30d0f6,Litter005,拆除弃料,19080000.0,False,2026-09-02
213c72e821c97dc3,Litter001,工程渣土,14630000.0,False,2026-09-02
213c72e821c97dc3,Litter002,工程弃料,8712000.0,False,2026-09-02
1f381d4a12951355,Litter001,工程渣土,68580000.0,False,2026-09-02
1f381d4a12951355,Litter003,工程泥浆,3120000.0,False,2026-09-02
1f381d4a12951355,Litter005,拆除弃料,25920000.0,False,2026-09-02
fe68a844ed4d761e,Litter001,工程渣土,26744742.0,False,2026-09-02
3dd849d33ffd80fb,Litter001,工程渣土,321168000.0,False,2026-09-02
79d751b44ac8be6b,Litter001,工程渣土,53311360.0,False,2026-09-02
abbede0444bad420,Litter001,工程渣土,16281696.0,False,2026-09-02
0e8d95ade8406443,Litter001,工程渣土,18918000.0,False,2026-09-02
68a2738d9478bc74,Litter001,工程渣土,44982000.0,False,2026-09-02
59557d637dedd62d,Litter003,工程泥浆,1240200.0,False,2026-09-02
a390623aea58533f,Litter001,工程渣土,139140000.0,False,2026-09-02
a390623aea58533f,Litter003,工程泥浆,71110000.0,False,2026-09-02
a390623aea58533f,Litter005,拆除弃料,5580000.0,False,2026-09-02
42059fd166f508e9,Litter001,工程渣土,35640000.0,False,2026-09-02
42059fd166f508e9,Litter005,拆除弃料,900000.0,False,2026-09-02
3151943027680640,Litter001,工程渣土,6967000.0,False,2026-09-02
1d7afe68b6e195ec,Litter001,工程渣土,55260000.0,False,2026-09-02
91e0db1b0a4b5c58,Litter001,工程渣土,474300000.0,False,2026-09-02
91e0db1b0a4b5c58,Litter003,工程泥浆,170580000.0,False,2026-09-02
2597b2c14f30a35a,Litter001,工程渣土,42746000.0,False,2026-09-02
b41c0e4663bd2339,Litter001,工程渣土,12494871.0,False,2026-09-02
a3c31688ac050b38,Litter001,工程渣土,57960.0,False,2026-09-02
a3c31688ac050b38,Litter003,工程泥浆,942955.0,False,2026-09-02
48f9af91d32ee4f6,Litter002,工程弃料,19260000.0,False,2026-09-02
4d698818d0241a1e,Litter001,工程渣土,79200000.0,False,2026-09-02
4d698818d0241a1e,Litter005,拆除弃料,1782000.0,False,2026-09-02
34b2992763ac5ca1,Litter001,工程渣土,90000000.0,False,2026-09-02
34b2992763ac5ca1,Litter003,工程泥浆,2798000.0,False,2026-09-02
921b5322ae5489cd,Litter001,工程渣土,8280000.0,False,2026-09-02
921b5322ae5489cd,Litter005,拆除弃料,9360000.0,False,2026-09-02
ceea0f747f1d676e,Litter001,工程渣土,64200000.0,False,2026-09-02
e584f9ed384866c6,Litter001,工程渣土,14220000.0,False,2026-09-02
36884079f2da6884,Litter003,工程泥浆,8829600.0,False,2026-09-02
03f4e58b914aa23d,Litter001,工程渣土,177660000.0,False,2026-09-02
17662e3db436981a,Litter001,工程渣土,28252000.0,False,2026-09-02
17662e3db436981a,Litter003,工程泥浆,12855980.0,False,2026-09-02
17662e3db436981a,Litter005,拆除弃料,3408000.0,False,2026-09-02
a5a4e8f0400951ec,Litter001,工程渣土,24840000.0,False,2026-09-02
a5a4e8f0400951ec,Litter005,拆除弃料,1800000.0,False,2026-09-02
521411c0e620a330,Litter001,工程渣土,47700000.0,False,2026-09-02
521411c0e620a330,Litter005,拆除弃料,8100000.0,False,2026-09-02
016ff3663245fd11,Litter001,工程渣土,1782000.0,False,2026-09-02
016ff3663245fd11,Litter003,工程泥浆,6585150.0,False,2026-09-02
9a29f006b990da1c,Litter001,工程渣土,2161800.0,False,2026-09-02
9a29f006b990da1c,Litter003,工程泥浆,1194700.0,False,2026-09-02
40170c37681e3569,Litter001,工程渣土,158220000.0,False,2026-09-02
40170c37681e3569,Litter003,工程泥浆,7800000.0,False,2026-09-02
40170c37681e3569,Litter005,拆除弃料,6120000.0,False,2026-09-02
83fda7c2adc915fa,Litter005,拆除弃料,45540000.0,False,2026-09-02
f4fba1e25da003b6,Litter001,工程渣土,17500000.0,False,2026-09-02
368444019665937c,Litter001,工程渣土,1200000.0,False,2026-09-02
368444019665937c,Litter003,工程泥浆,1903200.0,False,2026-09-02
40d355360e7fe2af,Litter002,工程弃料,5580000.0,False,2026-09-02
40d355360e7fe2af,Litter003,工程泥浆,11700000.0,False,2026-09-02
0152d50330881700,Litter001,工程渣土,10440000.0,False,2026-09-02
e22ac0175b55a3c6,Litter001,工程渣土,43558363.8,False,2026-09-02
f7fa3c2f3261dd14,Litter001,工程渣土,50361858.0,False,2026-09-02
ef148ebd19e7d22a,Litter001,工程渣土,79882704.0,False,2026-09-02
2258dd0763844f3b,Litter001,工程渣土,1217520000.0,False,2026-09-02
1505ab7b64f1864a,Litter003,工程泥浆,1235000.0,False,2026-09-02
e1b4217120cfd70b,Litter001,工程渣土,24660000.0,False,2026-09-02
e1b4217120cfd70b,Litter005,拆除弃料,4140000.0,False,2026-09-02
252535d087ec8398,Litter001,工程渣土,18722120.0,False,2026-09-02
252535d087ec8398,Litter003,工程泥浆,5694000.0,False,2026-09-02
4c55bdeb36fde71f,Litter001,工程渣土,309600000.0,False,2026-09-02
4c55bdeb36fde71f,Litter003,工程泥浆,21450000.0,False,2026-09-02
4c55bdeb36fde71f,Litter005,拆除弃料,32580000.0,False,2026-09-02
b1a081965c69423f,Litter001,工程渣土,311220000.0,False,2026-09-02
b1a081965c69423f,Litter003,工程泥浆,8320000.0,False,2026-09-02
b1a081965c69423f,Litter005,拆除弃料,17280000.0,False,2026-09-02
711a08b3aeffef15,Litter001,工程渣土,390960000.0,False,2026-09-02
711a08b3aeffef15,Litter003,工程泥浆,30420000.0,False,2026-09-02
711a08b3aeffef15,Litter005,拆除弃料,35460000.0,False,2026-09-02
0bc9fb9b5b777faa,Litter001,工程渣土,400860000.0,False,2026-09-02
0bc9fb9b5b777faa,Litter003,工程泥浆,18070000.0,False,2026-09-02
0bc9fb9b5b777faa,Litter005,拆除弃料,16920000.0,False,2026-09-02
12b770fbdd1f898e,Litter001,工程渣土,47880000.0,False,2026-09-02
12b770fbdd1f898e,Litter005,拆除弃料,10440000.0,False,2026-09-02
74cfce0596c64093,Litter001,工程渣土,9700110.0,False,2026-09-02
74cfce0596c64093,Litter003,工程泥浆,8688730.0,False,2026-09-02
95cc288193406805,Litter001,工程渣土,68760000.0,False,2026-09-02
95cc288193406805,Litter003,工程泥浆,4078000.0,False,2026-09-02
95cc288193406805,Litter005,拆除弃料,3600000.0,False,2026-09-02
e5b018fc2c748e8d,Litter001,工程渣土,35460000.0,False,2026-09-02
e5b018fc2c748e8d,Litter005,拆除弃料,21420000.0,False,2026-09-02
a37907644506de46,Litter001,工程渣土,402681600.0,False,2026-09-02
a37907644506de46,Litter003,工程泥浆,39579800.0,False,2026-09-02
a37907644506de46,Litter005,拆除弃料,26100000.0,False,2026-09-02
5ae35e4e5b7963f0,Litter001,工程渣土,522518400.0,False,2026-09-02
5ae35e4e5b7963f0,Litter003,工程泥浆,40630200.0,False,2026-09-02
5ae35e4e5b7963f0,Litter005,拆除弃料,26100000.0,False,2026-09-02
7d966956a639593a,Litter001,工程渣土,14220000.0,False,2026-09-02
7d966956a639593a,Litter003,工程泥浆,5980000.0,False,2026-09-02
7d966956a639593a,Litter005,拆除弃料,2880000.0,False,2026-09-02
98b77568b3e1fbb3,Litter001,工程渣土,81920000.0,False,2026-09-02
98b77568b3e1fbb3,Litter003,工程泥浆,15446691.0,False,2026-09-02
4d24b2f7edf83a5e,Litter001,工程渣土,1188000.0,False,2026-09-02
4d24b2f7edf83a5e,Litter003,工程泥浆,835900.0,False,2026-09-02
5299425ce7a8b3e6,Litter001,工程渣土,120361320.0,False,2026-09-02
0989e3d99f8a7f57,Litter001,工程渣土,82700000.0,False,2026-09-02
b609754d555a775f,Litter001,工程渣土,18194368.0,False,2026-09-02
0c98f0694fb8fb54,Litter001,工程渣土,28500000.0,False,2026-09-02
0c98f0694fb8fb54,Litter003,工程泥浆,14100000.0,False,2026-09-02
16ae8ccff1c46fa8,Litter001,工程渣土,25380000.0,False,2026-09-02
16ae8ccff1c46fa8,Litter003,工程泥浆,7740000.0,False,2026-09-02
16ae8ccff1c46fa8,Litter005,拆除弃料,3480000.0,False,2026-09-02
000df1a08228323e,Litter001,工程渣土,9360000.0,False,2026-09-02
284d2f00bbff1b12,Litter001,工程渣土,50459350.0,False,2026-09-02
5761b02710f04992,Litter001,工程渣土,45093600.0,False,2026-09-02
5761b02710f04992,Litter005,拆除弃料,12960000.0,False,2026-09-02
d533498c0b6f8aee,Litter001,工程渣土,8100000.0,False,2026-09-02
d533498c0b6f8aee,Litter005,拆除弃料,25200000.0,False,2026-09-02
51450285e3928d1f,Litter001,工程渣土,65700000.0,False,2026-09-02
51450285e3928d1f,Litter003,工程泥浆,35490000.0,False,2026-09-02
24ee840e026c59a6,Litter001,工程渣土,68760000.0,False,2026-09-02
f266ee0a3ccbfea8,Litter001,工程渣土,14400000.0,False,2026-09-02
f266ee0a3ccbfea8,Litter003,工程泥浆,4030000.0,False,2026-09-02
3a95edb25e553005,Litter001,工程渣土,62499600.0,False,2026-09-02
3a95edb25e553005,Litter005,拆除弃料,18720000.0,False,2026-09-02
544df1e0261a20f4,Litter001,工程渣土,207900000.0,False,2026-09-02
1ca5849a5a50aaa4,Litter001,工程渣土,57448800.0,False,2026-09-02
1ca5849a5a50aaa4,Litter003,工程泥浆,21720370.0,False,2026-09-02
658ad771a9bc7f52,Litter001,工程渣土,15300000.0,False,2026-09-02
658ad771a9bc7f52,Litter005,拆除弃料,1080000.0,False,2026-09-02
27bfd87a6ce2789a,Litter001,工程渣土,19980000.0,False,2026-09-02
27bfd87a6ce2789a,Litter003,工程泥浆,2000700.0,False,2026-09-02
8555263c4388dad8,Litter001,工程渣土,4824000.0,False,2026-09-02
2db6a5985b8c1258,Litter001,工程渣土,52380000.0,False,2026-09-02
2db6a5985b8c1258,Litter005,拆除弃料,52920000.0,False,2026-09-02
baeb8c523571d8c7,Litter001,工程渣土,28800000.0,False,2026-09-02
baeb8c523571d8c7,Litter003,工程泥浆,650000.0,False,2026-09-02
baeb8c523571d8c7,Litter005,拆除弃料,8280000.0,False,2026-09-02
4a7a05c9256dad8a,Litter001,工程渣土,5040000.0,False,2026-09-02
4a7a05c9256dad8a,Litter003,工程泥浆,3595800.0,False,2026-09-02
26a10553ddc302cb,Litter003,工程泥浆,2359500.0,False,2026-09-02
9c32872f47bebb51,Litter001,工程渣土,29700000.0,False,2026-09-02
b7cf0a65938f6288,Litter001,工程渣土,97733000.0,False,2026-09-02
f411dd441d786e34,Litter001,工程渣土,14300000.0,False,2026-09-02
e3e7299df0aea7d3,Litter001,工程渣土,137520000.0,False,2026-09-02
e3e7299df0aea7d3,Litter003,工程泥浆,87490000.0,False,2026-09-02
e3e7299df0aea7d3,Litter005,拆除弃料,2700000.0,False,2026-09-02
e77ee49966f38fe3,Litter001,工程渣土,55800000.0,False,2026-09-02
e77ee49966f38fe3,Litter005,拆除弃料,900000.0,False,2026-09-02
8035a66bcc785bd4,Litter001,工程渣土,120977460.0,False,2026-09-02
41fdfe7bf45ed3d6,Litter001,工程渣土,23400000.0,False,2026-09-02
41fdfe7bf45ed3d6,Litter003,工程泥浆,1520000.0,False,2026-09-02
1957d7705c8cc67f,Litter002,工程弃料,440000.0,False,2026-09-02
f39c2cc664b6e280,Litter001,工程渣土,13667000.0,False,2026-09-02
f39c2cc664b6e280,Litter005,拆除弃料,6600000.0,False,2026-09-02
5b06175fa9b546be,Litter001,工程渣土,90000000.0,False,2026-09-02
2dad012498bec3b1,Litter001,工程渣土,113928000.0,False,2026-09-02
cb023ca0f0799498,Litter001,工程渣土,25200000.0,False,2026-09-02
cb023ca0f0799498,Litter005,拆除弃料,7380000.0,False,2026-09-02
8481ffa57b4cdfae,Litter001,工程渣土,78480000.0,False,2026-09-02
8481ffa57b4cdfae,Litter005,拆除弃料,51300000.0,False,2026-09-02
99c04af0cd242518,Litter001,工程渣土,168995680.0,False,2026-09-02
99c04af0cd242518,Litter003,工程泥浆,176345250.0,False,2026-09-02
99c04af0cd242518,Litter005,拆除弃料,5406000.0,False,2026-09-02
d6ac60c89a34f4cc,Litter001,工程渣土,155781100.0,False,2026-09-02
d6ac60c89a34f4cc,Litter003,工程泥浆,213742500.0,False,2026-09-02
d6ac60c89a34f4cc,Litter005,拆除弃料,5595900.0,False,2026-09-02
39a8d9c1cfa2eada,Litter001,工程渣土,754920000.0,False,2026-09-02
39a8d9c1cfa2eada,Litter003,工程泥浆,117000000.0,False,2026-09-02
39a8d9c1cfa2eada,Litter005,拆除弃料,6840000.0,False,2026-09-02
2e437f180d91c6a8,Litter005,拆除弃料,7200000.0,False,2026-09-02
e90339fa2d9e1aee,Litter001,工程渣土,7920000.0,False,2026-09-02
e90339fa2d9e1aee,Litter003,工程泥浆,2210000.0,False,2026-09-02
b2ec605025d7ab63,Litter001,工程渣土,25986000.0,False,2026-09-02
7842c5a6d96aa526,Litter001,工程渣土,147060000.0,False,2026-09-02
7842c5a6d96aa526,Litter003,工程泥浆,15600000.0,False,2026-09-02
7842c5a6d96aa526,Litter005,拆除弃料,2700000.0,False,2026-09-02
e4f3e52c568e54be,Litter001,工程渣土,49312000.0,False,2026-09-02
e4f3e52c568e54be,Litter003,工程泥浆,16747000.0,False,2026-09-02
51ebd3c5b0d95289,Litter001,工程渣土,69301840.0,False,2026-09-02
51ebd3c5b0d95289,Litter003,工程泥浆,164240.0,False,2026-09-02
51ebd3c5b0d95289,Litter005,拆除弃料,26266300.0,False,2026-09-02
ee50456137dcba96,Litter001,工程渣土,59400000.0,False,2026-09-02
ee50456137dcba96,Litter003,工程泥浆,149000.0,False,2026-09-02
ee50456137dcba96,Litter005,拆除弃料,26192230.0,False,2026-09-02
170fa327bb43da6c,Litter001,工程渣土,52128000.0,False,2026-09-02
e567fcd78d81cbcc,Litter001,工程渣土,237202659.0,False,2026-09-02
e567fcd78d81cbcc,Litter003,工程泥浆,212940000.0,False,2026-09-02
e61e97236799cf34,Litter001,工程渣土,17100000.0,False,2026-09-02
e61e97236799cf34,Litter005,拆除弃料,4140000.0,False,2026-09-02
e05f7309abbd4066,Litter001,工程渣土,107280000.0,False,2026-09-02
2eadb0cf6d1a204e,Litter001,工程渣土,173340000.0,False,2026-09-02
2eadb0cf6d1a204e,Litter003,工程泥浆,7800000.0,False,2026-09-02
2eadb0cf6d1a204e,Litter005,拆除弃料,16740000.0,False,2026-09-02
27a927bbef072a02,Litter001,工程渣土,277200000.0,False,2026-09-02
27a927bbef072a02,Litter003,工程泥浆,24570000.0,False,2026-09-02
d1c9bdbc46c57a0e,Litter001,工程渣土,188519043.0,False,2026-09-02
e3ce53dadbb4cfcd,Litter001,工程渣土,144000000.0,False,2026-09-02
2fcbfd23326bdafa,Litter001,工程渣土,283860000.0,False,2026-09-02
58feba60f217bbd7,Litter003,工程泥浆,19500000.0,False,2026-09-02
58feba60f217bbd7,Litter005,拆除弃料,2160000.0,False,2026-09-02
a22433b614e6583b,Litter001,工程渣土,23940000.0,False,2026-09-02
93f2d71b8e4bbd6c,Litter001,工程渣土,14760000.0,False,2026-09-02
6422fe6d90421f86,Litter001,工程渣土,22320000.0,False,2026-09-02
6422fe6d90421f86,Litter005,拆除弃料,360000.0,False,2026-09-02
d36c2f05c11ee3ec,Litter001,工程渣土,84400000.0,False,2026-09-02
d36c2f05c11ee3ec,Litter003,工程泥浆,10370000.0,False,2026-09-02
d36c2f05c11ee3ec,Litter005,拆除弃料,4680000.0,False,2026-09-02
25fca56c3b85307a,Litter003,工程泥浆,9021000.0,False,2026-09-02
5cbf2e48906d29dd,Litter001,工程渣土,450000000.0,False,2026-09-02
e5493852b65d4a29,Litter001,工程渣土,121140000.0,False,2026-09-02
e5493852b65d4a29,Litter005,拆除弃料,60120000.0,False,2026-09-02
f81e5269cf562678,Litter001,工程渣土,519202800.0,False,2026-09-02
d9ab2f873c720383,Litter001,工程渣土,49680000.0,False,2026-09-02
0db73e65f5b07165,Litter001,工程渣土,19019232.0,False,2026-09-02
0db73e65f5b07165,Litter003,工程泥浆,33769160.0,False,2026-09-02
a60f4d364e85edd3,Litter001,工程渣土,76140000.0,False,2026-09-02
803975182ff670cd,Litter001,工程渣土,8100000.0,False,2026-09-02
803975182ff670cd,Litter003,工程泥浆,10530000.0,False,2026-09-02
3b580a91e88e6f88,Litter001,工程渣土,73980000.0,False,2026-09-02
3b580a91e88e6f88,Litter003,工程泥浆,4550000.0,False,2026-09-02
bccd9997c6744da9,Litter001,工程渣土,18113166.0,False,2026-09-02
d55f67884fc24d1e,Litter001,工程渣土,9349200.0,False,2026-09-02
a246a1d6f5a6a849,Litter001,工程渣土,22981266.0,False,2026-09-02
596a35484c19aabe,Litter001,工程渣土,302400000.0,False,2026-09-02
596a35484c19aabe,Litter003,工程泥浆,80470000.0,False,2026-09-02
eab524caf0875987,Litter001,工程渣土,8112600.0,False,2026-09-02
f08aeb5b3cbc270d,Litter001,工程渣土,46980000.0,False,2026-09-02
f08aeb5b3cbc270d,Litter003,工程泥浆,29250000.0,False,2026-09-02
c23f7297af351ed4,Litter001,工程渣土,115210000.0,False,2026-09-02
c23f7297af351ed4,Litter003,工程泥浆,224258000.0,False,2026-09-02
c23f7297af351ed4,Litter005,拆除弃料,6169000.0,False,2026-09-02
c0dd5a27622734ff,Litter001,工程渣土,108720000.0,False,2026-09-02
8493f73233e66608,Litter001,工程渣土,5940000.0,False,2026-09-02
8493f73233e66608,Litter003,工程泥浆,11440000.0,False,2026-09-02
f889cc3ff9aed9d0,Litter001,工程渣土,359761100.0,False,2026-09-02
f889cc3ff9aed9d0,Litter003,工程泥浆,8555400.0,False,2026-09-02
81c5576d232cead0,Litter001,工程渣土,100260000.0,False,2026-09-02
f8991082a8c61bdc,Litter001,工程渣土,6016000.0,False,2026-09-02
f8991082a8c61bdc,Litter002,工程弃料,12729000.0,False,2026-09-02
316d585e6cd16994,Litter001,工程渣土,56520000.0,False,2026-09-02
316d585e6cd16994,Litter003,工程泥浆,3380000.0,False,2026-09-02
316d585e6cd16994,Litter005,拆除弃料,4860000.0,False,2026-09-02
75011187ace4e207,Litter001,工程渣土,10440000.0,False,2026-09-02
75011187ace4e207,Litter005,拆除弃料,6840000.0,False,2026-09-02
6ca2de69907f6615,Litter001,工程渣土,420858846.0,False,2026-09-02
6ca2de69907f6615,Litter003,工程泥浆,23816592.0,False,2026-09-02
071ac215ec9276f1,Litter001,工程渣土,364429750.0,False,2026-09-02
071ac215ec9276f1,Litter003,工程泥浆,49299450.0,False,2026-09-02
34c7ebdefff1e98d,Litter001,工程渣土,523311408.0,False,2026-09-02
34c7ebdefff1e98d,Litter003,工程泥浆,53013961.0,False,2026-09-02
6e2b7f1320ddbb4c,Litter001,工程渣土,73620000.0,False,2026-09-02
6e2b7f1320ddbb4c,Litter005,拆除弃料,7380000.0,False,2026-09-02
bf49c0f2c0acbaea,Litter001,工程渣土,49320000.0,False,2026-09-02
bf49c0f2c0acbaea,Litter005,拆除弃料,10620000.0,False,2026-09-02
e6f20fa052790aff,Litter001,工程渣土,3202000.0,False,2026-09-02
e6f20fa052790aff,Litter003,工程泥浆,23304000.0,False,2026-09-02
758068fd4640a1d9,Litter001,工程渣土,825858396.0,False,2026-09-02
87e9de04398946e5,Litter001,工程渣土,163658000.0,False,2026-09-02
87e9de04398946e5,Litter003,工程泥浆,20253000.0,False,2026-09-02
e57b71b88b605823,Litter001,工程渣土,135482000.0,False,2026-09-02
e57b71b88b605823,Litter003,工程泥浆,65013000.0,False,2026-09-02
04989e88a873efac,Litter001,工程渣土,7020000.0,False,2026-09-02
04989e88a873efac,Litter003,工程泥浆,7800000.0,False,2026-09-02
90afb8a939901e8e,Litter001,工程渣土,36000000.0,False,2026-09-02
90afb8a939901e8e,Litter005,拆除弃料,1980000.0,False,2026-09-02
5002e67f44e628ba,Litter005,拆除弃料,8000000.0,False,2026-09-02
7a3b13862252438d,Litter001,工程渣土,648900000.0,False,2026-09-02
7a3b13862252438d,Litter003,工程泥浆,163150000.0,False,2026-09-02
7a3b13862252438d,Litter005,拆除弃料,8280000.0,False,2026-09-02
d7fdc4aedd84bdb8,Litter001,工程渣土,252000000.0,False,2026-09-02
26a419894e200159,Litter001,工程渣土,42120000.0,False,2026-09-02
1ad4a45f095c6a68,Litter001,工程渣土,21618000.0,False,2026-09-02
1ad4a45f095c6a68,Litter003,工程泥浆,20510100.0,False,2026-09-02
1ad4a45f095c6a68,Litter005,拆除弃料,567000.0,False,2026-09-02
087127711e7cf653,Litter001,工程渣土,446940000.0,False,2026-09-02
087127711e7cf653,Litter003,工程泥浆,135330000.0,False,2026-09-02
087127711e7cf653,Litter005,拆除弃料,2340000.0,False,2026-09-02
0bd6114ec8bb7580,Litter001,工程渣土,460800000.0,False,2026-09-02
0bd6114ec8bb7580,Litter003,工程泥浆,33800000.0,False,2026-09-02
0bd6114ec8bb7580,Litter005,拆除弃料,2520000.0,False,2026-09-02
e8f3a4b78685d4b9,Litter001,工程渣土,444150000.0,False,2026-09-02
e8f3a4b78685d4b9,Litter003,工程泥浆,41600000.0,False,2026-09-02
e8f3a4b78685d4b9,Litter005,拆除弃料,2520000.0,False,2026-09-02
93d9f7c0bb2069ed,Litter001,工程渣土,21960000.0,False,2026-09-02
93d9f7c0bb2069ed,Litter003,工程泥浆,9100000.0,False,2026-09-02
7f0f96c4963de01b,Litter001,工程渣土,2520000.0,False,2026-09-02
7f0f96c4963de01b,Litter003,工程泥浆,390000.0,False,2026-09-02
7f0f96c4963de01b,Litter005,拆除弃料,13680000.0,False,2026-09-02
0d281d52ca3eb6d2,Litter001,工程渣土,27200000.0,False,2026-09-02
725e130e4440ccf7,Litter001,工程渣土,14400000.0,False,2026-09-02
725e130e4440ccf7,Litter005,拆除弃料,3600000.0,False,2026-09-02
d2d1761bb9ebe9db,Litter001,工程渣土,210600000.0,False,2026-09-02
d2d1761bb9ebe9db,Litter003,工程泥浆,79950000.0,False,2026-09-02
d2d1761bb9ebe9db,Litter005,拆除弃料,4320000.0,False,2026-09-02
5e61a77a232c6012,Litter001,工程渣土,99000000.0,False,2026-09-02
c9a8f327e491a826,Litter001,工程渣土,27000000.0,False,2026-09-02
1bb694e50f3c65f3,Litter001,工程渣土,16814000.0,False,2026-09-02
1bb694e50f3c65f3,Litter003,工程泥浆,3696000.0,False,2026-09-02
1bb694e50f3c65f3,Litter005,拆除弃料,3227400.0,False,2026-09-02
b3fb3eafe0099798,Litter001,工程渣土,67780800.0,False,2026-09-02
b3fb3eafe0099798,Litter005,拆除弃料,5580000.0,False,2026-09-02
cefc25cd7748aafb,Litter001,工程渣土,22680000.0,False,2026-09-02
cefc25cd7748aafb,Litter003,工程泥浆,6890000.0,False,2026-09-02
cefc25cd7748aafb,Litter005,拆除弃料,4500000.0,False,2026-09-02
940ee5e4bf3f580c,Litter001,工程渣土,344700000.0,False,2026-09-02
940ee5e4bf3f580c,Litter003,工程泥浆,60655335.0,False,2026-09-02
940ee5e4bf3f580c,Litter005,拆除弃料,12960000.0,False,2026-09-02
0d3b462eb86bea3a,Litter001,工程渣土,326290000.0,False,2026-09-02
0d3b462eb86bea3a,Litter003,工程泥浆,31288270.0,False,2026-09-02
5e0990556a8606c9,Litter001,工程渣土,177060000.0,False,2026-09-02
5e0990556a8606c9,Litter005,拆除弃料,4140000.0,False,2026-09-02
5efe4ed2dbe70248,Litter001,工程渣土,36360000.0,False,2026-09-02
5efe4ed2dbe70248,Litter005,拆除弃料,720000.0,False,2026-09-02
5a420dc92a7289a4,Litter003,工程泥浆,3120000.0,False,2026-09-02
559c4ce2a7214f00,Litter001,工程渣土,34745176.8,False,2026-09-02
d00ae1dfaef4e90e,Litter001,工程渣土,15660000.0,False,2026-09-02
eae053af6ac4d5b4,Litter001,工程渣土,81900000.0,False,2026-09-02
eae053af6ac4d5b4,Litter003,工程泥浆,7560000.0,False,2026-09-02
eae053af6ac4d5b4,Litter005,拆除弃料,4500000.0,False,2026-09-02
361f40bb417521b8,Litter003,工程泥浆,105870000.0,False,2026-09-02
b5965edbfa6691d8,Litter005,拆除弃料,58887380.0,False,2026-09-02
5893a82ebf3daf1d,Litter001,工程渣土,242460000.0,False,2026-09-02
5893a82ebf3daf1d,Litter003,工程泥浆,41340000.0,False,2026-09-02
5893a82ebf3daf1d,Litter005,拆除弃料,2520000.0,False,2026-09-02
6c745736ea94b7eb,Litter001,工程渣土,643860000.0,False,2026-09-02
57571dc4e9433564,Litter001,工程渣土,138060000.0,False,2026-09-02
57571dc4e9433564,Litter003,工程泥浆,5720000.0,False,2026-09-02
32dff29414a91c5b,Litter001,工程渣土,84040038.0,False,2026-09-02
657b8e5c9433f86e,Litter001,工程渣土,70920000.0,False,2026-09-02
657b8e5c9433f86e,Litter003,工程泥浆,26910000.0,False,2026-09-02
657b8e5c9433f86e,Litter005,拆除弃料,720000.0,False,2026-09-02
a0ca33b7b7898397,Litter001,工程渣土,7251600.0,False,2026-09-02
a0ca33b7b7898397,Litter002,工程弃料,5387000.0,False,2026-09-02
01147bd8cbb992ce,Litter001,工程渣土,46800000.0,False,2026-09-02
01147bd8cbb992ce,Litter005,拆除弃料,360000.0,False,2026-09-02
56a1772b53630d46,Litter001,工程渣土,304020000.0,False,2026-09-02
56a1772b53630d46,Litter003,工程泥浆,2340000.0,False,2026-09-02
56a1772b53630d46,Litter005,拆除弃料,360000.0,False,2026-09-02
9e0914d9a9e434c9,Litter001,工程渣土,217356589.0,False,2026-09-02
28d760fa5daf8717,Litter001,工程渣土,40083000.0,False,2026-09-02
3c82e99e584d4196,Litter001,工程渣土,48240000.0,False,2026-09-02
e9570da8bd2c8a90,Litter001,工程渣土,135720000.0,False,2026-09-02
ca2e31d8a9cafd75,Litter001,工程渣土,270000000.0,False,2026-09-02
ca2e31d8a9cafd75,Litter003,工程泥浆,22100000.0,False,2026-09-02
d90da9876f3d936e,Litter001,工程渣土,499680000.0,False,2026-09-02
8caa8bf3b37d6aff,Litter001,工程渣土,85000000.0,False,2026-09-02
7e25ec5e54669ea9,Litter001,工程渣土,499500000.0,False,2026-09-02
90e90f585075e109,Litter005,拆除弃料,44100000.0,False,2026-09-02
2f259e981bfcc428,Litter001,工程渣土,34900000.0,False,2026-09-02
96306dc3cfb054d7,Litter001,工程渣土,197460000.0,False,2026-09-02
65ca0e81c60cba98,Litter005,拆除弃料,1782000.0,False,2026-09-02
491c31d613d6b07b,Litter002,工程弃料,280000.0,False,2026-09-02
a90d6414e56a52fa,Litter001,工程渣土,331740000.0,False,2026-09-02
a90d6414e56a52fa,Litter003,工程泥浆,76180000.0,False,2026-09-02
9327458be118cdae,Litter001,工程渣土,35575200.0,False,2026-09-02
97cb53549a4ce049,Litter001,工程渣土,8640000.0,False,2026-09-02
97cb53549a4ce049,Litter003,工程泥浆,32370000.0,False,2026-09-02
890fba393511662c,Litter001,工程渣土,671007600.0,False,2026-09-02
be931b58959fa3a3,Litter001,工程渣土,98960000.0,False,2026-09-02
77defa731b131509,Litter001,工程渣土,576000000.0,False,2026-09-02
77defa731b131509,Litter005,拆除弃料,3600000.0,False,2026-09-02
1b436380e41f1b08,Litter001,工程渣土,282072600.0,False,2026-09-02
0604691a7a0179d7,Litter002,工程弃料,12000000.0,False,2026-09-02
1508226da7a6d29b,Litter001,工程渣土,17222223.0,False,2026-09-02
395c020c79df51b6,Litter001,工程渣土,78300000.0,False,2026-09-02
395c020c79df51b6,Litter003,工程泥浆,9360000.0,False,2026-09-02
395c020c79df51b6,Litter005,拆除弃料,40680000.0,False,2026-09-02
0aa93f627dd00af2,Litter001,工程渣土,247900000.0,False,2026-09-02
0aa93f627dd00af2,Litter003,工程泥浆,83000000.0,False,2026-09-02
db22f58ed8636cf2,Litter001,工程渣土,406260000.0,False,2026-09-02
246933f9f031879a,Litter001,工程渣土,4759200.0,False,2026-09-02
246933f9f031879a,Litter003,工程泥浆,22386000.0,False,2026-09-02
54313009b13d52b3,Litter001,工程渣土,31140000.0,False,2026-09-02
54313009b13d52b3,Litter003,工程泥浆,4680000.0,False,2026-09-02
54313009b13d52b3,Litter005,拆除弃料,7020000.0,False,2026-09-02
d74d0ebdeb235d0b,Litter001,工程渣土,216000000.0,False,2026-09-02
d74d0ebdeb235d0b,Litter003,工程泥浆,26000000.0,False,2026-09-02
d74d0ebdeb235d0b,Litter005,拆除弃料,16000000.0,False,2026-09-02
1a0157bd220a1f1c,Litter001,工程渣土,433440000.0,False,2026-09-02
1a0157bd220a1f1c,Litter003,工程泥浆,51350000.0,False,2026-09-02
89affd9356337734,Litter001,工程渣土,342000000.0,False,2026-09-02
f0d3fe96743dffb7,Litter001,工程渣土,113404888.8,False,2026-09-02
9a5c1c680e8f0cac,Litter001,工程渣土,58500000.0,False,2026-09-02
9a5c1c680e8f0cac,Litter003,工程泥浆,44980000.0,False,2026-09-02
07073d24fa0d481b,Litter001,工程渣土,23010000.0,False,2026-09-02
4a5500731a72fadf,Litter001,工程渣土,536400000.0,False,2026-09-02
4a5500731a72fadf,Litter005,拆除弃料,26874000.0,False,2026-09-02
76f273a6cc9cae31,Litter001,工程渣土,334260000.0,False,2026-09-02
fb9f51a9a5ab0587,Litter001,工程渣土,261940000.0,False,2026-09-02
fb9f51a9a5ab0587,Litter005,拆除弃料,67500000.0,False,2026-09-02
ba3ed849b0b2f3e0,Litter001,工程渣土,50013000.0,False,2026-09-02
ba3ed849b0b2f3e0,Litter003,工程泥浆,11700000.0,False,2026-09-02
76b967c2f803349e,Litter001,工程渣土,12582000.0,False,2026-09-02
76b967c2f803349e,Litter003,工程泥浆,14847300.0,False,2026-09-02
76b967c2f803349e,Litter005,拆除弃料,180000.0,False,2026-09-02
2a0aac06014a5459,Litter001,工程渣土,305640000.0,False,2026-09-02
44cfb3826c557bf6,Litter001,工程渣土,46980000.0,False,2026-09-02
44cfb3826c557bf6,Litter003,工程泥浆,16510000.0,False,2026-09-02
44cfb3826c557bf6,Litter005,拆除弃料,6660000.0,False,2026-09-02
436b59cbbe913893,Litter001,工程渣土,61380000.0,False,2026-09-02
436b59cbbe913893,Litter003,工程泥浆,1560000.0,False,2026-09-02
99f2423405826a2e,Litter001,工程渣土,118716552.0,False,2026-09-02
99f2423405826a2e,Litter003,工程泥浆,9338000.0,False,2026-09-02
11ec665f21a1ea30,Litter001,工程渣土,107640000.0,False,2026-09-02
11ec665f21a1ea30,Litter003,工程泥浆,650000.0,False,2026-09-02
1583d60b26a2093e,Litter001,工程渣土,53100000.0,False,2026-09-02
1583d60b26a2093e,Litter005,拆除弃料,18000000.0,False,2026-09-02
1ec761a78a47eaaf,Litter001,工程渣土,123660000.0,False,2026-09-02
13d4317a5d282360,Litter001,工程渣土,580780000.0,False,2026-09-02
13d4317a5d282360,Litter003,工程泥浆,25810000.0,False,2026-09-02
0bf7c15897150034,Litter001,工程渣土,180000000.0,False,2026-09-02
a8ac99f158ef37fc,Litter001,工程渣土,64620000.0,False,2026-09-02
a8ac99f158ef37fc,Litter003,工程泥浆,114530000.0,False,2026-09-02
a097401ebc54f9e3,Litter003,工程泥浆,3120000.0,False,2026-09-02
736c5d71c56cbe7a,Litter001,工程渣土,24872562.0,False,2026-09-02
a86fbd5b14c432cc,Litter001,工程渣土,117900000.0,False,2026-09-02
a86fbd5b14c432cc,Litter003,工程泥浆,10405200.0,False,2026-09-02
a86fbd5b14c432cc,Litter005,拆除弃料,2340000.0,False,2026-09-02
cc50a75d5afd571d,Litter001,工程渣土,28800000.0,False,2026-09-02
cc50a75d5afd571d,Litter003,工程泥浆,42770000.0,False,2026-09-02
557741c12f5678f1,Litter001,工程渣土,15840000.0,False,2026-09-02
557741c12f5678f1,Litter003,工程泥浆,18590000.0,False,2026-09-02
622353d7837ffc44,Litter001,工程渣土,99540000.0,False,2026-09-02
622353d7837ffc44,Litter003,工程泥浆,124800000.0,False,2026-09-02
622353d7837ffc44,Litter005,拆除弃料,46620000.0,False,2026-09-02
170a43c12bd51224,Litter003,工程泥浆,140260340.0,False,2026-09-02
e3e365ca35c3ec99,Litter001,工程渣土,40860000.0,False,2026-09-02
e3e365ca35c3ec99,Litter003,工程泥浆,12284000.0,False,2026-09-02
e3e365ca35c3ec99,Litter005,拆除弃料,1260000.0,False,2026-09-02
b00b41e2043dc8e2,Litter001,工程渣土,5723262.0,False,2026-09-02
84dec2232e82581d,Litter001,工程渣土,175500000.0,False,2026-09-02
84dec2232e82581d,Litter003,工程泥浆,44200000.0,False,2026-09-02
84dec2232e82581d,Litter005,拆除弃料,38340000.0,False,2026-09-02
1bb63ca6490a8232,Litter001,工程渣土,284580000.0,False,2026-09-02
1bb63ca6490a8232,Litter005,拆除弃料,10800000.0,False,2026-09-02
3e0caa249b344024,Litter001,工程渣土,135000000.0,False,2026-09-02
3e0caa249b344024,Litter003,工程泥浆,32500000.0,False,2026-09-02
3e0caa249b344024,Litter005,拆除弃料,37800000.0,False,2026-09-02
703999f9816d7aca,Litter001,工程渣土,209194200.0,False,2026-09-02
703999f9816d7aca,Litter003,工程泥浆,15658000.0,False,2026-09-02
44bd0739ff714009,Litter001,工程渣土,9000000.0,False,2026-09-02
5a70feaf30d671ff,Litter001,工程渣土,95117887.8,False,2026-09-02
ce45e625555df116,Litter001,工程渣土,116075000.0,False,2026-09-02
a745b5909969a2eb,Litter001,工程渣土,213300000.0,False,2026-09-02
2ffc614161bd9e1b,Litter001,工程渣土,90000000.0,False,2026-09-02
2ffc614161bd9e1b,Litter003,工程泥浆,11700000.0,False,2026-09-02
024f5c2954beaae0,Litter001,工程渣土,108000000.0,False,2026-09-02
024f5c2954beaae0,Litter003,工程泥浆,9852180.0,False,2026-09-02
8e5563dd57ad9929,Litter001,工程渣土,815400000.0,False,2026-09-02
190fb8db6ed8e92d,Litter001,工程渣土,22860000.0,False,2026-09-02
788451072d8a98ec,Litter001,工程渣土,365200000.0,False,2026-09-02
7a54b6de6adb3d3e,Litter001,工程渣土,774000000.0,False,2026-09-02
7a54b6de6adb3d3e,Litter003,工程泥浆,85800000.0,False,2026-09-02
8d10ac5263d84fef,Litter001,工程渣土,91620000.0,False,2026-09-02
8d10ac5263d84fef,Litter003,工程泥浆,63570000.0,False,2026-09-02
9da947e2526257ee,Litter003,工程泥浆,87467000.0,False,2026-09-02
5f320d235c91cf66,Litter001,工程渣土,42598800.0,False,2026-09-02
5f320d235c91cf66,Litter003,工程泥浆,28930200.0,False,2026-09-02
f7cedc31ab05130e,Litter001,工程渣土,50050000.0,False,2026-09-02
f7cedc31ab05130e,Litter003,工程泥浆,41000000.0,False,2026-09-02
535107237133420f,Litter001,工程渣土,10980000.0,False,2026-09-02
535107237133420f,Litter002,工程弃料,4140000.0,False,2026-09-02
535107237133420f,Litter003,工程泥浆,4940000.0,False,2026-09-02
7fbe30b5cc3d6dc8,Litter001,工程渣土,166140000.0,False,2026-09-02
61598be31fb65a61,Litter001,工程渣土,210420000.0,False,2026-09-02
61598be31fb65a61,Litter003,工程泥浆,260000.0,False,2026-09-02
61598be31fb65a61,Litter005,拆除弃料,2160000.0,False,2026-09-02
503d1b8824b5bc2c,Litter001,工程渣土,125286000.0,False,2026-09-02
503d1b8824b5bc2c,Litter003,工程泥浆,6800000.0,False,2026-09-02
7ba57075b3008234,Litter001,工程渣土,60300000.0,False,2026-09-02
7ba57075b3008234,Litter003,工程泥浆,4680000.0,False,2026-09-02
d62e21c54a7db1dc,Litter001,工程渣土,18000000.0,False,2026-09-02
8fec00d00082d2a3,Litter001,工程渣土,171000000.0,False,2026-09-02
8fec00d00082d2a3,Litter003,工程泥浆,32000000.0,False,2026-09-02
70c3c109c316bdcd,Litter001,工程渣土,234900000.0,False,2026-09-02
70c3c109c316bdcd,Litter003,工程泥浆,5980000.0,False,2026-09-02
70c3c109c316bdcd,Litter005,拆除弃料,14580000.0,False,2026-09-02
e12ce5cd9ba1322d,Litter001,工程渣土,77040000.0,False,2026-09-02
e12ce5cd9ba1322d,Litter003,工程泥浆,8970000.0,False,2026-09-02
d13ecbab20d640fa,Litter001,工程渣土,102560400.0,False,2026-09-02
80102a8221bd88fe,Litter001,工程渣土,184350000.0,False,2026-09-02
80102a8221bd88fe,Litter003,工程泥浆,180000.0,False,2026-09-02
7ebb3ffb5c043079,Litter001,工程渣土,7020000.0,False,2026-09-02
68648330387a0dea,Litter001,工程渣土,135000000.0,False,2026-09-02
68648330387a0dea,Litter003,工程泥浆,1350000.0,False,2026-09-02
f78cc47f312d6ef8,Litter001,工程渣土,45000000.0,False,2026-09-02
f78cc47f312d6ef8,Litter003,工程泥浆,1350000.0,False,2026-09-02
07fd9b19ae7ad5bb,Litter001,工程渣土,136379448.0,False,2026-09-02
07fd9b19ae7ad5bb,Litter003,工程泥浆,4793600.0,False,2026-09-02
07fd9b19ae7ad5bb,Litter005,拆除弃料,720000.0,False,2026-09-02
2eb2c705e9475268,Litter001,工程渣土,272530500.0,False,2026-09-02
2eb2c705e9475268,Litter003,工程泥浆,150410000.0,False,2026-09-02
2eb2c705e9475268,Litter005,拆除弃料,1440000.0,False,2026-09-02
28ae2a03ba0ca1c7,Litter001,工程渣土,47160000.0,False,2026-09-02
28ae2a03ba0ca1c7,Litter003,工程泥浆,12870000.0,False,2026-09-02
28ae2a03ba0ca1c7,Litter005,拆除弃料,27540000.0,False,2026-09-02
082dbc0b89f9c151,Litter001,工程渣土,10980000.0,False,2026-09-02
082dbc0b89f9c151,Litter005,拆除弃料,6300000.0,False,2026-09-02
ef3864fd16a3e077,Litter001,工程渣土,128520000.0,False,2026-09-02
80e2eb56af48c013,Litter001,工程渣土,279900000.0,False,2026-09-02
80e2eb56af48c013,Litter003,工程泥浆,6700000.0,False,2026-09-02
29cc5cc805112f0e,Litter001,工程渣土,18000000.0,False,2026-09-02
11c8e89ebac3c2bd,Litter001,工程渣土,90540000.0,False,2026-09-02
11c8e89ebac3c2bd,Litter005,拆除弃料,2880000.0,False,2026-09-02
a16eb06420a615c8,Litter001,工程渣土,35640000.0,False,2026-09-02
a16eb06420a615c8,Litter005,拆除弃料,1980000.0,False,2026-09-02
049d8eddb2c40956,Litter001,工程渣土,444443760.0,False,2026-09-02
049d8eddb2c40956,Litter005,拆除弃料,9900000.0,False,2026-09-02
eeff3df3fa572850,Litter001,工程渣土,93600000.0,False,2026-09-02
cb6b57c3decd0619,Litter001,工程渣土,363060000.0,False,2026-09-02
cb6b57c3decd0619,Litter003,工程泥浆,5980000.0,False,2026-09-02
ae9e86a8ad6bd860,Litter001,工程渣土,421560000.0,False,2026-09-02
ae9e86a8ad6bd860,Litter003,工程泥浆,42120000.0,False,2026-09-02
713cbfa0977ebce9,Litter001,工程渣土,342000000.0,False,2026-09-02
713cbfa0977ebce9,Litter003,工程泥浆,22230000.0,False,2026-09-02
713cbfa0977ebce9,Litter005,拆除弃料,13860000.0,False,2026-09-02
6b09484a1ed5d7e3,Litter001,工程渣土,25872420.0,False,2026-09-02
50f6c3e4fd327ab6,Litter001,工程渣土,203000000.0,False,2026-09-02
50f6c3e4fd327ab6,Litter003,工程泥浆,48000000.0,False,2026-09-02
b224693901b600fa,Litter005,拆除弃料,27000000.0,False,2026-09-02
3c37f7afff0914f0,Litter001,工程渣土,51600000.0,False,2026-09-02
7804f5133599fcdc,Litter001,工程渣土,234000000.0,False,2026-09-02
7804f5133599fcdc,Litter003,工程泥浆,5332000.0,False,2026-09-02
12503f4b0bc93b18,Litter003,工程泥浆,101400000.0,False,2026-09-02
d37d7706267795b4,Litter001,工程渣土,212040000.0,False,2026-09-02
d37d7706267795b4,Litter003,工程泥浆,561600000.0,False,2026-09-02
60dd2c5441d071bf,Litter001,工程渣土,295000000.0,False,2026-09-02
60dd2c5441d071bf,Litter003,工程泥浆,6865000.0,False,2026-09-02
cdc2bc07efdabb2f,Litter001,工程渣土,100612000.0,False,2026-09-02
cdc2bc07efdabb2f,Litter002,工程弃料,5220000.0,False,2026-09-02
cdc2bc07efdabb2f,Litter003,工程泥浆,40677000.0,False,2026-09-02
e3781faf3ff74e28,Litter001,工程渣土,92460025.0,False,2026-09-02
9721efce8fca3b3c,Litter001,工程渣土,36000000.0,False,2026-09-02
8bdef5389e1c11fe,Litter001,工程渣土,641609736.0,False,2026-09-02
8bdef5389e1c11fe,Litter003,工程泥浆,26026000.0,False,2026-09-02
b3b67638642be921,Litter001,工程渣土,48232368.0,False,2026-09-02
b3b67638642be921,Litter005,拆除弃料,3601984.0,False,2026-09-02
4fdd67ea08ad59da,Litter001,工程渣土,29340000.0,False,2026-09-02
4fdd67ea08ad59da,Litter003,工程泥浆,7560000.0,False,2026-09-02
8cc4d8a3d9f80128,Litter001,工程渣土,91980000.0,False,2026-09-02
8cc4d8a3d9f80128,Litter002,工程弃料,6840000.0,False,2026-09-02
a4ca0f6c5e5c1ff3,Litter001,工程渣土,24120000.0,False,2026-09-02
a4ca0f6c5e5c1ff3,Litter003,工程泥浆,60970000.0,False,2026-09-02
a4ca0f6c5e5c1ff3,Litter005,拆除弃料,3060000.0,False,2026-09-02
36c0c62b92dcf81a,Litter001,工程渣土,63000000.0,False,2026-09-02
96490215273a7880,Litter001,工程渣土,166747210.0,False,2026-09-02
dd0499f54eea3676,Litter001,工程渣土,219600000.0,False,2026-09-02
dd0499f54eea3676,Litter003,工程泥浆,40560000.0,False,2026-09-02
dd0499f54eea3676,Litter005,拆除弃料,14220000.0,False,2026-09-02
cce51957fecf07d3,Litter001,工程渣土,67185000.0,False,2026-09-02
cce51957fecf07d3,Litter005,拆除弃料,1980000.0,False,2026-09-02
c2478865479d839d,Litter001,工程渣土,37800000.0,False,2026-09-02
67490ec7c2c0146b,Litter001,工程渣土,379440000.0,False,2026-09-02
67490ec7c2c0146b,Litter003,工程泥浆,130650000.0,False,2026-09-02
67490ec7c2c0146b,Litter005,拆除弃料,39240000.0,False,2026-09-02
31aef5a16582ecaa,Litter001,工程渣土,43650000.0,False,2026-09-02
31aef5a16582ecaa,Litter003,工程泥浆,128310000.0,False,2026-09-02
48ab12d43728160a,Litter001,工程渣土,608760000.0,False,2026-09-02
b5aabb9fcfbabcee,Litter001,工程渣土,318600000.0,False,2026-09-02
01a8420a70272d6a,Litter001,工程渣土,38037000.0,False,2026-09-02
01a8420a70272d6a,Litter003,工程泥浆,114496785.0,False,2026-09-02
01a8420a70272d6a,Litter005,拆除弃料,33997000.0,False,2026-09-02
b894a22b3231d476,Litter001,工程渣土,12808800.0,False,2026-09-02
7e819e53b270107a,Litter001,工程渣土,76644000.0,False,2026-09-02
eb0b2ec56f059e51,Litter001,工程渣土,1866700000.0,False,2026-09-02
eb0b2ec56f059e51,Litter003,工程泥浆,9383000.0,False,2026-09-02
605c0cdc8b376515,Litter001,工程渣土,204840000.0,False,2026-09-02
605c0cdc8b376515,Litter003,工程泥浆,25220000.0,False,2026-09-02
357d53cfe2d8b297,Litter001,工程渣土,509013210.0,False,2026-09-02
357d53cfe2d8b297,Litter003,工程泥浆,79546233.0,False,2026-09-02
91819c98604f1508,Litter001,工程渣土,1010658000.0,False,2026-09-02
416fdeb5b0b9b28b,Litter001,工程渣土,162744462.0,False,2026-09-02
a18ca7b69a264933,Litter001,工程渣土,118440000.0,False,2026-09-02
a18ca7b69a264933,Litter003,工程泥浆,246090000.0,False,2026-09-02
cc3c200863009efb,Litter001,工程渣土,9268200.0,False,2026-09-02
cc3c200863009efb,Litter003,工程泥浆,10877100.0,False,2026-09-02
ce2db1604d2fbac6,Litter001,工程渣土,1526769000.0,False,2026-09-02
9076243309e438d9,Litter005,拆除弃料,359500000.0,False,2026-09-02
9adbf26fcb7160af,Litter001,工程渣土,8397200.0,False,2026-09-02
53593cd9177a2eb3,Litter001,工程渣土,275040000.0,False,2026-09-02
53593cd9177a2eb3,Litter003,工程泥浆,3770000.0,False,2026-09-02
8a9963016fcbac36,Litter001,工程渣土,199200000.0,False,2026-09-02
8a9963016fcbac36,Litter003,工程泥浆,7100000.0,False,2026-09-02
86ee3ceb3f23364e,Litter001,工程渣土,488400000.0,False,2026-09-02
34b130ba9a809452,Litter001,工程渣土,126446000.0,False,2026-09-02
34b130ba9a809452,Litter003,工程泥浆,10487000.0,False,2026-09-02
34b130ba9a809452,Litter005,拆除弃料,232000.0,False,2026-09-02
466ec143b73b07e0,Litter005,拆除弃料,29800000.0,False,2026-09-02
5b3a8a6027bf493c,Litter001,工程渣土,1137000000.0,False,2026-09-02
67bdbd62f667db27,Litter001,工程渣土,199800000.0,False,2026-09-02
67bdbd62f667db27,Litter003,工程泥浆,117000000.0,False,2026-09-02
a931574ec6d2aebd,Litter001,工程渣土,178200000.0,False,2026-09-02
a931574ec6d2aebd,Litter005,拆除弃料,5400000.0,False,2026-09-02
acd88bd578a25641,Litter001,工程渣土,135000000.0,False,2026-09-02
acd88bd578a25641,Litter003,工程泥浆,24180000.0,False,2026-09-02
910506664b05b435,Litter001,工程渣土,8290000.0,False,2026-09-02
910506664b05b435,Litter003,工程泥浆,74224000.0,False,2026-09-02
e64f2b7bdf924545,Litter001,工程渣土,97302000.0,False,2026-09-02
e64f2b7bdf924545,Litter003,工程泥浆,33568000.0,False,2026-09-02
e64f2b7bdf924545,Litter005,拆除弃料,41114000.0,False,2026-09-02
f51d427d90e63172,Litter001,工程渣土,486000000.0,False,2026-09-02
9a6e71a451b98a09,Litter001,工程渣土,11882000.0,False,2026-09-02
b90899c2f7834901,Litter001,工程渣土,243180000.0,False,2026-09-02
b90899c2f7834901,Litter003,工程泥浆,75530000.0,False,2026-09-02
b90899c2f7834901,Litter005,拆除弃料,8820000.0,False,2026-09-02
90bd594eee43def4,Litter001,工程渣土,90000000.0,False,2026-09-02
90bd594eee43def4,Litter003,工程泥浆,725400000.0,False,2026-09-02
3131c874c44bfb53,Litter001,工程渣土,307980000.0,False,2026-09-02
3131c874c44bfb53,Litter003,工程泥浆,24830000.0,False,2026-09-02
3131c874c44bfb53,Litter005,拆除弃料,1260000.0,False,2026-09-02
413c8790ce8d1d73,Litter001,工程渣土,600840000.0,False,2026-09-02
413c8790ce8d1d73,Litter003,工程泥浆,28080000.0,False,2026-09-02
413c8790ce8d1d73,Litter005,拆除弃料,15840000.0,False,2026-09-02
d14cc0b81a154744,Litter001,工程渣土,701280000.0,False,2026-09-02
d14cc0b81a154744,Litter003,工程泥浆,29120000.0,False,2026-09-02
d14cc0b81a154744,Litter005,拆除弃料,69300000.0,False,2026-09-02
88a9c27b20e4dfc2,Litter001,工程渣土,286362000.0,False,2026-09-02
88a9c27b20e4dfc2,Litter003,工程泥浆,13000000.0,False,2026-09-02
88a9c27b20e4dfc2,Litter005,拆除弃料,10240000.0,False,2026-09-02
b45823edd9ae871e,Litter001,工程渣土,362700000.0,False,2026-09-02
b45823edd9ae871e,Litter003,工程泥浆,66320000.0,False,2026-09-02
f93967146d9b0f86,Litter001,工程渣土,91678680.0,False,2026-09-02
e32fe46473a62511,Litter001,工程渣土,480780000.0,False,2026-09-02
5d86f6eb8e65c27d,Litter001,工程渣土,886500000.0,False,2026-09-02
73c6cacf7f7a7c7e,Litter001,工程渣土,646380000.0,False,2026-09-02
31400c47cdce6491,Litter001,工程渣土,163980000.0,False,2026-09-02
31400c47cdce6491,Litter003,工程泥浆,19110000.0,False,2026-09-02
4c50967d5fb771a5,Litter001,工程渣土,126540000.0,False,2026-09-02
4c50967d5fb771a5,Litter003,工程泥浆,27300000.0,False,2026-09-02
eb316cf2877ea6ff,Litter001,工程渣土,1148400000.0,False,2026-09-02
bff397c194897f6e,Litter001,工程渣土,4336200000.0,False,2026-09-02
bff397c194897f6e,Litter003,工程泥浆,202410000.0,False,2026-09-02
821497d005fac826,Litter001,工程渣土,104400000.0,False,2026-09-02
821497d005fac826,Litter003,工程泥浆,1950000.0,False,2026-09-02
821497d005fac826,Litter005,拆除弃料,74700000.0,False,2026-09-02
d3843f0615c42767,Litter001,工程渣土,809739000.0,False,2026-09-02
4d6f9d33e56a6b70,Litter001,工程渣土,180700000.0,False,2026-09-02
4d6f9d33e56a6b70,Litter003,工程泥浆,34700000.0,False,2026-09-02
66ddfe4a975e59a4,Litter001,工程渣土,341100000.0,False,2026-09-02
66ddfe4a975e59a4,Litter003,工程泥浆,37050000.0,False,2026-09-02
66ddfe4a975e59a4,Litter005,拆除弃料,10080000.0,False,2026-09-02
b00b57e90812626d,Litter001,工程渣土,352620000.0,False,2026-09-02
b00b57e90812626d,Litter003,工程泥浆,1170000.0,False,2026-09-02
b00b57e90812626d,Litter005,拆除弃料,58860000.0,False,2026-09-02
48fa4546092cc1ec,Litter001,工程渣土,807152400.0,False,2026-09-02
48fa4546092cc1ec,Litter003,工程泥浆,1047352800.0,False,2026-09-02
7d65becff6f2fdee,Litter001,工程渣土,180000000.0,False,2026-09-02
7d65becff6f2fdee,Litter003,工程泥浆,195000000.0,False,2026-09-02
1d140e378d8c79f4,Litter001,工程渣土,459824580.0,False,2026-09-02
1d140e378d8c79f4,Litter003,工程泥浆,19394820.0,False,2026-09-02
0c00a11f6d54c5e0,Litter001,工程渣土,183600000.0,False,2026-09-02
0c00a11f6d54c5e0,Litter003,工程泥浆,397800000.0,False,2026-09-02
b3286711200a2b82,Litter001,工程渣土,292433693.4,False,2026-09-02
ae88907a77156db7,Litter001,工程渣土,391700000.0,False,2026-09-02
ae88907a77156db7,Litter003,工程泥浆,44100000.0,False,2026-09-02
ae88907a77156db7,Litter005,拆除弃料,9900000.0,False,2026-09-02
3024cf1a4448e4cb,Litter001,工程渣土,75045000.0,False,2026-09-02
3024cf1a4448e4cb,Litter003,工程泥浆,96851000.0,False,2026-09-02
bd63a2c38e965887,Litter001,工程渣土,1000000000.0,False,2026-09-02
2af1a735172a6c57,Litter001,工程渣土,373000000.0,False,2026-09-02
2af1a735172a6c57,Litter003,工程泥浆,562380000.0,False,2026-09-02
bf03adf52b3e9160,Litter001,工程渣土,360000000.0,False,2026-09-02
bf03adf52b3e9160,Litter003,工程泥浆,390000000.0,False,2026-09-02
595a0702fb113d41,Litter001,工程渣土,145440000.0,False,2026-09-02
595a0702fb113d41,Litter003,工程泥浆,6100000.0,False,2026-09-02
59e86ae4f27e8857,Litter001,工程渣土,82440000.0,False,2026-09-02
59e86ae4f27e8857,Litter003,工程泥浆,27577000.0,False,2026-09-02
dbd233e1cb338a17,Litter001,工程渣土,198900000.0,False,2026-09-02
dbd233e1cb338a17,Litter003,工程泥浆,12300000.0,False,2026-09-02
3b967b79b15772b6,Litter001,工程渣土,286000000.0,False,2026-09-02
3b967b79b15772b6,Litter003,工程泥浆,50700000.0,False,2026-09-02
81d4b166281f259f,Litter001,工程渣土,610234200.0,False,2026-09-02
81d4b166281f259f,Litter003,工程泥浆,134682600.0,False,2026-09-02
2d5b6971a6ba8960,Litter001,工程渣土,1331460000.0,False,2026-09-02
4dbedd0d9212943b,Litter005,拆除弃料,20700000.0,False,2026-09-02
662240bafab35bd9,Litter001,工程渣土,99540000.0,False,2026-09-02
69e7299853fc24e7,Litter001,工程渣土,401970000.0,False,2026-09-02
69e7299853fc24e7,Litter003,工程泥浆,117497000.0,False,2026-09-02
c28596d966c4e798,Litter001,工程渣土,2331000000.0,False,2026-09-02
90291e58c497050a,Litter001,工程渣土,141840000.0,False,2026-09-02
90291e58c497050a,Litter003,工程泥浆,2470000.0,False,2026-09-02
90291e58c497050a,Litter005,拆除弃料,89640000.0,False,2026-09-02
7a084eb3a4573299,Litter001,工程渣土,951300000.0,False,2026-09-02
efb3d3edfb88f5c9,Litter001,工程渣土,104900000.0,False,2026-09-02
efb3d3edfb88f5c9,Litter003,工程泥浆,4540000.0,False,2026-09-02
efb3d3edfb88f5c9,Litter005,拆除弃料,16330000.0,False,2026-09-02
2364ab4aed3708ab,Litter001,工程渣土,27900000.0,False,2026-09-02
2364ab4aed3708ab,Litter003,工程泥浆,7800000.0,False,2026-09-02
2364ab4aed3708ab,Litter005,拆除弃料,9800000.0,False,2026-09-02
c91f9599148b0770,Litter001,工程渣土,22500000.0,False,2026-09-02
c91f9599148b0770,Litter003,工程泥浆,14180460.0,False,2026-09-02
ca7fc8121aa4ad76,Litter001,工程渣土,102600000.0,False,2026-09-02
dfa1dbfcc2728dba,Litter001,工程渣土,168660000.0,False,2026-09-02
dfa1dbfcc2728dba,Litter005,拆除弃料,11700000.0,False,2026-09-02
c2697c82cc4cfab8,Litter001,工程渣土,217168560.0,False,2026-09-02
c2697c82cc4cfab8,Litter003,工程泥浆,50509430.0,False,2026-09-02
c2697c82cc4cfab8,Litter005,拆除弃料,25574400.0,False,2026-09-02
7ac19a40d16c00ca,Litter001,工程渣土,290546640.0,False,2026-09-02
7ac19a40d16c00ca,Litter003,工程泥浆,59718750.0,False,2026-09-02
7ac19a40d16c00ca,Litter005,拆除弃料,27548028.0,False,2026-09-02
ad17cca56534be16,Litter001,工程渣土,253138914.0,False,2026-09-02
ad17cca56534be16,Litter003,工程泥浆,48467601.0,False,2026-09-02
ad17cca56534be16,Litter005,拆除弃料,37715652.0,False,2026-09-02
c82dfdce6205b462,Litter001,工程渣土,199665576.0,False,2026-09-02
c82dfdce6205b462,Litter003,工程泥浆,100750832.0,False,2026-09-02
c82dfdce6205b462,Litter005,拆除弃料,37055430.0,False,2026-09-02
58b7a4cf4224d676,Litter001,工程渣土,49204000.0,False,2026-09-02
58b7a4cf4224d676,Litter003,工程泥浆,83830000.0,False,2026-09-02
7f8d17b7564bb2f8,Litter001,工程渣土,363600000.0,False,2026-09-02
a9d0036f1b7bc4bc,Litter001,工程渣土,80460000.0,False,2026-09-02
a1833348dbe74c28,Litter001,工程渣土,52200000.0,False,2026-09-02
4d89c4a5c81ddfd9,Litter001,工程渣土,64116000.0,False,2026-09-02
e3958365abdd9a37,Litter001,工程渣土,246824478.0,False,2026-09-02
99e7e0567a303f28,Litter001,工程渣土,484945200.0,False,2026-09-02
7ad3d0f4144c59db,Litter001,工程渣土,104400000.0,False,2026-09-02
7ad3d0f4144c59db,Litter005,拆除弃料,28800000.0,False,2026-09-02
d7916fe6091a0432,Litter001,工程渣土,108133200.0,False,2026-09-02
9d986bf25179f467,Litter001,工程渣土,392886000.0,False,2026-09-02
9d986bf25179f467,Litter003,工程泥浆,10243350.0,False,2026-09-02
9d986bf25179f467,Litter005,拆除弃料,72599400.0,False,2026-09-02
b7813549a51ddd85,Litter001,工程渣土,357660000.0,False,2026-09-02
b7813549a51ddd85,Litter003,工程泥浆,520000.0,False,2026-09-02
1114d761e8d48aa4,Litter001,工程渣土,18540000.0,False,2026-09-02
18462882f7e910b5,Litter001,工程渣土,83520000.0,False,2026-09-02
18462882f7e910b5,Litter003,工程泥浆,25350000.0,False,2026-09-02
8714c562bb4d3c7e,Litter001,工程渣土,381600000.0,False,2026-09-02
8714c562bb4d3c7e,Litter003,工程泥浆,90090000.0,False,2026-09-02
8714c562bb4d3c7e,Litter005,拆除弃料,44100000.0,False,2026-09-02
4067f1e2e4b49a41,Litter001,工程渣土,172980000.0,False,2026-09-02
4067f1e2e4b49a41,Litter002,工程弃料,13140000.0,False,2026-09-02
4067f1e2e4b49a41,Litter003,工程泥浆,1170000.0,False,2026-09-02
84e1240210b0f01a,Litter001,工程渣土,342641000.0,False,2026-09-02
7027df6605b111f2,Litter001,工程渣土,163080000.0,False,2026-09-02
a8bc1b36e5e29c6d,Litter001,工程渣土,37049250.0,False,2026-09-02
a8bc1b36e5e29c6d,Litter003,工程泥浆,49948780.0,False,2026-09-02
4bad93c27bd47079,Litter001,工程渣土,286920000.0,False,2026-09-02
4bad93c27bd47079,Litter002,工程弃料,5400000.0,False,2026-09-02
4bad93c27bd47079,Litter003,工程泥浆,32760000.0,False,2026-09-02
359c67d63a0ff393,Litter002,工程弃料,5400000.0,False,2026-09-02
fa0a4b3b8215d31b,Litter001,工程渣土,65370600.0,False,2026-09-02
fa0a4b3b8215d31b,Litter003,工程泥浆,103350000.0,False,2026-09-02
aea204f878cdd97a,Litter001,工程渣土,284400000.0,False,2026-09-02
aea204f878cdd97a,Litter003,工程泥浆,42157040.0,False,2026-09-02
c97df0c867165d55,Litter001,工程渣土,324000000.0,False,2026-09-02
15f48c128554ab89,Litter001,工程渣土,102600000.0,False,2026-09-02
15f48c128554ab89,Litter003,工程泥浆,1296110.0,False,2026-09-02
ab82400e1a36b6c8,Litter001,工程渣土,272982600.0,False,2026-09-02
ab82400e1a36b6c8,Litter003,工程泥浆,55826082.0,False,2026-09-02
ab82400e1a36b6c8,Litter005,拆除弃料,15400000.0,False,2026-09-02
1c3c59cca0f7fda8,Litter001,工程渣土,277859430.0,False,2026-09-02
1c3c59cca0f7fda8,Litter003,工程泥浆,64786566.0,False,2026-09-02
1c3c59cca0f7fda8,Litter005,拆除弃料,26000000.0,False,2026-09-02
cd70c63dd35653d9,Litter001,工程渣土,248400000.0,False,2026-09-02
cd70c63dd35653d9,Litter003,工程泥浆,35378421.0,False,2026-09-02
cd70c63dd35653d9,Litter005,拆除弃料,16296000.0,False,2026-09-02
668aa9a1348ada12,Litter001,工程渣土,17048000.0,False,2026-09-02
66946ccaca1896f6,Litter001,工程渣土,285800000.0,False,2026-09-02
66946ccaca1896f6,Litter003,工程泥浆,19500000.0,False,2026-09-02
66946ccaca1896f6,Litter005,拆除弃料,24950000.0,False,2026-09-02
c53d9a96745f2e1f,Litter001,工程渣土,381600000.0,False,2026-09-02
c53d9a96745f2e1f,Litter003,工程泥浆,78000000.0,False,2026-09-02
78c173cc96ce5bb6,Litter001,工程渣土,1661004000.0,False,2026-09-02
78c173cc96ce5bb6,Litter003,工程泥浆,60327800.0,False,2026-09-02
103463d43ec23d69,Litter001,工程渣土,178490000.0,False,2026-09-02
b1da6290b6d174f5,Litter001,工程渣土,108000000.0,False,2026-09-02
37f84a259f1acb81,Litter001,工程渣土,655137000.0,False,2026-09-02
37f84a259f1acb81,Litter003,工程泥浆,66300000.0,False,2026-09-02
37f84a259f1acb81,Litter005,拆除弃料,27501000.0,False,2026-09-02
afd859bea840c250,Litter001,工程渣土,1236440000.0,False,2026-09-02
afd859bea840c250,Litter003,工程泥浆,45110000.0,False,2026-09-02
03befab5aa0cf983,Litter001,工程渣土,200000000.0,False,2026-09-02
9541dab4cce0c56c,Litter001,工程渣土,187990000.0,False,2026-09-02
9541dab4cce0c56c,Litter003,工程泥浆,595260000.0,False,2026-09-02
7f242ce1b8c01c53,Litter001,工程渣土,91800000.0,False,2026-09-02
28145d696dac6087,Litter001,工程渣土,457500000.0,False,2026-09-02
28145d696dac6087,Litter003,工程泥浆,540200000.0,False,2026-09-02
04889803f66c34d6,Litter001,工程渣土,1440240000.0,False,2026-09-02
04889803f66c34d6,Litter003,工程泥浆,61900000.0,False,2026-09-02
0f2d128ab10c0066,Litter001,工程渣土,1338606000.0,False,2026-09-02
0f2d128ab10c0066,Litter003,工程泥浆,65063000.0,False,2026-09-02
1b70d1bb5e3226b5,Litter001,工程渣土,471000000.0,False,2026-09-02
1b70d1bb5e3226b5,Litter003,工程泥浆,563800000.0,False,2026-09-02
ecce594c346843aa,Litter001,工程渣土,1440000000.0,False,2026-09-02
ecce594c346843aa,Litter003,工程泥浆,78000000.0,False,2026-09-02
32764cf04e990711,Litter001,工程渣土,130000000.0,False,2026-09-02
32764cf04e990711,Litter003,工程泥浆,280000000.0,False,2026-09-02
266fdf162a615145,Litter001,工程渣土,505240740.0,False,2026-09-02
266fdf162a615145,Litter003,工程泥浆,43956000.0,False,2026-09-02
d3ecc9daf099c5b1,Litter001,工程渣土,439153200.0,False,2026-09-02
d3ecc9daf099c5b1,Litter003,工程泥浆,41470000.0,False,2026-09-02
68b3ac3e9a20d9fd,Litter001,工程渣土,259330000.0,False,2026-09-02
68b3ac3e9a20d9fd,Litter003,工程泥浆,132920000.0,False,2026-09-02
24a1994b359e412e,Litter001,工程渣土,176688000.0,False,2026-09-02
24a1994b359e412e,Litter002,工程弃料,32700000.0,False,2026-09-02
3c41418c81bb40a1,Litter001,工程渣土,306324000.0,False,2026-09-02
43275677a690fb94,Litter001,工程渣土,160942400.0,False,2026-09-02
6ca27456e582548b,Litter001,工程渣土,304560000.0,False,2026-09-02
6ca27456e582548b,Litter003,工程泥浆,10192572.0,False,2026-09-02
6ca27456e582548b,Litter005,拆除弃料,44046000.0,False,2026-09-02
58667b9ff70bfc36,Litter001,工程渣土,321771600.0,False,2026-09-02
58667b9ff70bfc36,Litter003,工程泥浆,41379000.0,False,2026-09-02
7b5dab49740eba79,Litter001,工程渣土,931000000.0,False,2026-09-02
7b5dab49740eba79,Litter002,工程弃料,6000000.0,False,2026-09-02
7b5dab49740eba79,Litter003,工程泥浆,1400900000.0,False,2026-09-02
7b5dab49740eba79,Litter005,拆除弃料,14136000.0,False,2026-09-02
67c9f65d70b02e7e,Litter001,工程渣土,1597998949.02,False,2026-09-02
67c9f65d70b02e7e,Litter003,工程泥浆,21025000.0,False,2026-09-02
16bdf7e785e89437,Litter001,工程渣土,1010000000.0,False,2026-09-02
16bdf7e785e89437,Litter003,工程泥浆,39000000.0,False,2026-09-02
16bdf7e785e89437,Litter005,拆除弃料,55800000.0,False,2026-09-02
08ec5a52f5bc8aaf,Litter001,工程渣土,268528000.0,False,2026-09-02
44be30411e6c6770,Litter001,工程渣土,360000000.0,False,2026-09-02
44be30411e6c6770,Litter005,拆除弃料,31000000.0,False,2026-09-02
874fb3a14bf1f3e2,Litter001,工程渣土,640000000.0,False,2026-09-02
4a9f1a063d968bfb,Litter001,工程渣土,531055000.0,False,2026-09-02
4a9f1a063d968bfb,Litter003,工程泥浆,68055000.0,False,2026-09-02
4a9f1a063d968bfb,Litter005,拆除弃料,34592410.0,False,2026-09-02
0a9111a873b55a0d,Litter001,工程渣土,19212966.0,False,2026-09-02
